source_id,target_id
p1,p142
p1,p210
p1,p61
p1,p819
p1,p219
p1,p219
p1,p702
p1,p903
p1,p555
p1,p797
p2,p610
p2,p708
p2,p66
p2,p775
p2,p412
p2,p651
p2,p159
p2,p522
p2,p237
p2,p720
p3,p222
p3,p463
p3,p39
p3,p676
p3,p834
p3,p311
p3,p170
p3,p443
p3,p465
p3,p261
p4,p320
p4,p529
p4,p12
p4,p760
p4,p182
p4,p355
p4,p911
p4,p949
p4,p298
p4,p95
p5,p648
p5,p544
p5,p492
p5,p180
p5,p867
p5,p527
p5,p404
p5,p259
p5,p458
p5,p891
p6,p998
p6,p630
p6,p808
p6,p535
p6,p825
p6,p503
p6,p286
p6,p151
p6,p401
p6,p622
p7,p2
p7,p544
p7,p625
p7,p167
p7,p734
p7,p769
p7,p517
p7,p625
p7,p922
p7,p552
p8,p327
p8,p958
p8,p548
p8,p306
p8,p164
p8,p647
p8,p422
p8,p369
p8,p936
p8,p685
p9,p827
p9,p82
p9,p152
p9,p34
p9,p524
p9,p553
p9,p1000
p9,p808
p9,p891
p9,p818
p10,p202
p10,p818
p10,p289
p10,p960
p10,p498
p10,p979
p10,p123
p10,p960
p10,p747
p10,p150
p11,p787
p11,p202
p11,p294
p11,p313
p11,p584
p11,p710
p11,p927
p11,p490
p11,p542
p11,p418
p12,p786
p12,p805
p12,p791
p12,p298
p12,p983
p12,p747
p12,p84
p12,p568
p12,p231
p12,p593
p13,p77
p13,p518
p13,p8
p13,p691
p13,p398
p13,p209
p13,p176
p13,p87
p13,p780
p13,p376
p14,p56
p14,p314
p14,p981
p14,p925
p14,p207
p14,p996
p14,p469
p14,p744
p14,p173
p14,p617
p15,p326
p15,p130
p15,p73
p15,p14
p15,p603
p15,p894
p15,p706
p15,p660
p15,p344
p15,p784
p16,p157
p16,p879
p16,p164
p16,p504
p16,p452
p16,p69
p16,p246
p16,p513
p16,p314
p16,p374
p17,p62
p17,p76
p17,p353
p17,p561
p17,p417
p17,p64
p17,p933
p17,p129
p17,p181
p17,p605
p18,p184
p18,p108
p18,p832
p18,p789
p18,p592
p18,p148
p18,p371
p18,p902
p18,p784
p18,p905
p19,p935
p19,p940
p19,p402
p19,p339
p19,p367
p19,p580
p19,p230
p19,p258
p19,p412
p19,p62
p20,p374
p20,p288
p20,p401
p20,p499
p20,p85
p20,p915
p20,p266
p20,p552
p20,p470
p20,p799
p21,p219
p21,p936
p21,p910
p21,p66
p21,p314
p21,p722
p21,p706
p21,p924
p21,p76
p21,p641
p22,p201
p22,p569
p22,p271
p22,p892
p22,p652
p22,p548
p22,p630
p22,p803
p22,p994
p22,p100
p23,p798
p23,p881
p23,p330
p23,p240
p23,p630
p23,p610
p23,p520
p23,p908
p23,p884
p23,p157
p24,p11
p24,p353
p24,p494
p24,p168
p24,p160
p24,p393
p24,p867
p24,p914
p24,p739
p24,p56
p25,p613
p25,p721
p25,p889
p25,p713
p25,p230
p25,p700
p25,p927
p25,p742
p25,p78
p25,p822
p26,p902
p26,p774
p26,p17
p26,p364
p26,p625
p26,p691
p26,p95
p26,p110
p26,p82
p26,p829
p27,p575
p27,p35
p27,p250
p27,p339
p27,p751
p27,p970
p27,p440
p27,p479
p27,p725
p27,p159
p28,p20
p28,p878
p28,p119
p28,p520
p28,p220
p28,p805
p28,p786
p28,p704
p28,p394
p28,p617
p29,p9
p29,p636
p29,p474
p29,p89
p29,p214
p29,p632
p29,p556
p29,p701
p29,p686
p29,p139
p30,p862
p30,p632
p30,p594
p30,p196
p30,p116
p30,p834
p30,p408
p30,p624
p30,p148
p30,p498
p31,p430
p31,p607
p31,p870
p31,p173
p31,p736
p31,p318
p31,p572
p31,p613
p31,p222
p31,p356
p32,p40
p32,p529
p32,p317
p32,p597
p32,p793
p32,p992
p32,p614
p32,p946
p32,p654
p32,p652
p33,p307
p33,p541
p33,p579
p33,p418
p33,p138
p33,p108
p33,p598
p33,p865
p33,p270
p33,p291
p34,p883
p34,p462
p34,p302
p34,p105
p34,p745
p34,p37
p34,p785
p34,p283
p34,p41
p34,p797
p35,p249
p35,p603
p35,p207
p35,p356
p35,p751
p35,p128
p35,p573
p35,p459
p35,p939
p35,p251
p36,p525
p36,p890
p36,p344
p36,p447
p36,p606
p36,p945
p36,p939
p36,p870
p36,p931
p36,p446
p37,p914
p37,p984
p37,p278
p37,p496
p37,p380
p37,p747
p37,p225
p37,p212
p37,p65
p37,p231
p38,p807
p38,p429
p38,p557
p38,p471
p38,p538
p38,p191
p38,p699
p38,p279
p38,p56
p38,p945
p39,p354
p39,p739
p39,p556
p39,p823
p39,p222
p39,p40
p39,p198
p39,p800
p39,p252
p39,p861
p40,p62
p40,p926
p40,p710
p40,p336
p40,p663
p40,p831
p40,p148
p40,p515
p40,p717
p40,p659
p41,p296
p41,p468
p41,p556
p41,p53
p41,p359
p41,p276
p41,p719
p41,p180
p41,p151
p41,p135
p42,p121
p42,p141
p42,p942
p42,p49
p42,p69
p42,p904
p42,p157
p42,p973
p42,p730
p42,p44
p43,p447
p43,p80
p43,p942
p43,p699
p43,p29
p43,p376
p43,p827
p43,p609
p43,p245
p43,p771
p44,p927
p44,p661
p44,p620
p44,p174
p44,p682
p44,p739
p44,p600
p44,p635
p44,p543
p44,p248
p45,p927
p45,p243
p45,p329
p45,p537
p45,p522
p45,p149
p45,p785
p45,p270
p45,p496
p45,p557
p46,p438
p46,p318
p46,p56
p46,p502
p46,p584
p46,p990
p46,p8
p46,p657
p46,p654
p46,p419
p47,p829
p47,p929
p47,p415
p47,p315
p47,p62
p47,p915
p47,p469
p47,p689
p47,p436
p47,p130
p48,p834
p48,p606
p48,p836
p48,p33
p48,p808
p48,p11
p48,p328
p48,p493
p48,p402
p48,p287
p49,p2
p49,p796
p49,p908
p49,p347
p49,p318
p49,p734
p49,p217
p49,p203
p49,p833
p49,p874
p50,p958
p50,p415
p50,p237
p50,p254
p50,p739
p50,p884
p50,p493
p50,p417
p50,p266
p50,p787
p51,p244
p51,p549
p51,p298
p51,p78
p51,p175
p51,p243
p51,p842
p51,p57
p51,p669
p51,p970
p52,p432
p52,p535
p52,p79
p52,p722
p52,p404
p52,p383
p52,p588
p52,p67
p52,p522
p52,p47
p53,p382
p53,p863
p53,p575
p53,p258
p53,p849
p53,p108
p53,p235
p53,p104
p53,p187
p53,p446
p54,p538
p54,p511
p54,p732
p54,p670
p54,p835
p54,p675
p54,p340
p54,p38
p54,p69
p54,p286
p55,p986
p55,p79
p55,p31
p55,p497
p55,p159
p55,p433
p55,p844
p55,p171
p55,p614
p55,p642
p56,p721
p56,p460
p56,p905
p56,p927
p56,p85
p56,p446
p56,p808
p56,p873
p56,p487
p56,p350
p57,p232
p57,p569
p57,p718
p57,p831
p57,p271
p57,p172
p57,p640
p57,p38
p57,p547
p57,p100
p58,p904
p58,p198
p58,p995
p58,p685
p58,p96
p58,p833
p58,p643
p58,p74
p58,p318
p58,p656
p59,p186
p59,p397
p59,p362
p59,p318
p59,p842
p59,p240
p59,p689
p59,p455
p59,p930
p59,p175
p60,p525
p60,p771
p60,p413
p60,p180
p60,p413
p60,p227
p60,p61
p60,p739
p60,p246
p60,p216
p61,p521
p61,p112
p61,p685
p61,p518
p61,p623
p61,p992
p61,p701
p61,p914
p61,p12
p61,p740
p62,p780
p62,p55
p62,p446
p62,p640
p62,p327
p62,p278
p62,p875
p62,p64
p62,p714
p62,p359
p63,p231
p63,p764
p63,p955
p63,p680
p63,p372
p63,p749
p63,p315
p63,p911
p63,p93
p63,p639
p64,p959
p64,p112
p64,p306
p64,p264
p64,p631
p64,p291
p64,p449
p64,p832
p64,p978
p64,p466
p65,p322
p65,p121
p65,p562
p65,p993
p65,p505
p65,p502
p65,p463
p65,p158
p65,p418
p65,p746
p66,p799
p66,p514
p66,p868
p66,p310
p66,p806
p66,p168
p66,p496
p66,p397
p66,p925
p66,p722
p67,p938
p67,p833
p67,p525
p67,p208
p67,p420
p67,p483
p67,p530
p67,p504
p67,p994
p67,p556
p68,p153
p68,p411
p68,p304
p68,p169
p68,p525
p68,p531
p68,p467
p68,p412
p68,p949
p68,p982
p69,p202
p69,p400
p69,p587
p69,p398
p69,p136
p69,p246
p69,p354
p69,p595
p69,p16
p69,p48
p70,p701
p70,p584
p70,p524
p70,p680
p70,p305
p70,p673
p70,p348
p70,p760
p70,p126
p70,p569
p71,p259
p71,p595
p71,p344
p71,p91
p71,p959
p71,p487
p71,p185
p71,p651
p71,p466
p71,p141
p72,p144
p72,p20
p72,p479
p72,p645
p72,p86
p72,p571
p72,p222
p72,p770
p72,p233
p72,p638
p73,p795
p73,p487
p73,p958
p73,p332
p73,p17
p73,p472
p73,p44
p73,p572
p73,p656
p73,p922
p74,p3
p74,p754
p74,p290
p74,p666
p74,p884
p74,p247
p74,p833
p74,p408
p74,p795
p74,p219
p75,p232
p75,p953
p75,p500
p75,p862
p75,p240
p75,p16
p75,p383
p75,p82
p75,p689
p75,p443
p76,p929
p76,p248
p76,p418
p76,p609
p76,p430
p76,p767
p76,p934
p76,p159
p76,p757
p76,p541
p77,p835
p77,p118
p77,p324
p77,p632
p77,p423
p77,p459
p77,p495
p77,p685
p77,p450
p77,p622
p78,p804
p78,p898
p78,p293
p78,p316
p78,p950
p78,p718
p78,p406
p78,p16
p78,p976
p78,p938
p79,p455
p79,p318
p79,p388
p79,p60
p79,p187
p79,p292
p79,p173
p79,p921
p79,p162
p79,p171
p80,p248
p80,p583
p80,p700
p80,p324
p80,p231
p80,p181
p80,p145
p80,p407
p80,p347
p80,p508
p81,p998
p81,p52
p81,p268
p81,p124
p81,p800
p81,p49
p81,p486
p81,p381
p81,p129
p81,p785
p82,p388
p82,p315
p82,p776
p82,p749
p82,p782
p82,p86
p82,p293
p82,p222
p82,p659
p82,p848
p83,p136
p83,p384
p83,p724
p83,p113
p83,p53
p83,p498
p83,p170
p83,p507
p83,p735
p83,p991
p84,p631
p84,p194
p84,p703
p84,p413
p84,p613
p84,p699
p84,p715
p84,p324
p84,p482
p84,p335
p85,p256
p85,p677
p85,p87
p85,p143
p85,p598
p85,p581
p85,p349
p85,p860
p85,p883
p85,p360
p86,p368
p86,p275
p86,p893
p86,p261
p86,p103
p86,p932
p86,p645
p86,p65
p86,p697
p86,p474
p87,p532
p87,p122
p87,p711
p87,p382
p87,p809
p87,p738
p87,p548
p87,p9
p87,p90
p87,p739
p88,p219
p88,p413
p88,p377
p88,p603
p88,p946
p88,p775
p88,p33
p88,p916
p88,p229
p89,p133
p89,p393
p89,p898
p89,p941
p89,p866
p89,p159
p89,p911
p89,p751
p89,p447
p89,p696
p90,p348
p90,p918
p90,p789
p90,p547
p90,p914
p90,p20
p90,p919
p90,p828
p90,p275
p90,p189
p91,p514
p91,p126
p91,p804
p91,p1000
p91,p438
p91,p957
p91,p533
p91,p776
p91,p455
p91,p877
p92,p403
p92,p121
p92,p601
p92,p771
p92,p184
p92,p239
p92,p730
p92,p310
p92,p215
p92,p719
p93,p550
p93,p501
p93,p11
p93,p449
p93,p39
p93,p251
p93,p594
p93,p720
p93,p804
p93,p223
p94,p475
p94,p499
p94,p889
p94,p365
p94,p195
p94,p165
p94,p219
p94,p205
p94,p705
p94,p832
p95,p963
p95,p961
p95,p189
p95,p646
p95,p419
p95,p187
p95,p728
p95,p643
p95,p822
p95,p968
p96,p956
p96,p529
p96,p390
p96,p203
p96,p818
p96,p587
p96,p86
p96,p376
p96,p836
p96,p78
p97,p525
p97,p337
p97,p318
p97,p910
p97,p219
p97,p724
p97,p742
p97,p857
p97,p511
p97,p768
p98,p343
p98,p590
p98,p446
p98,p899
p98,p76
p98,p335
p98,p379
p98,p232
p98,p559
p98,p136
p99,p616
p99,p892
p99,p580
p99,p56
p99,p226
p99,p287
p99,p603
p99,p672
p99,p808
p99,p340
p100,p479
p100,p270
p100,p843
p100,p401
p100,p917
p100,p123
p100,p593
p100,p660
p100,p987
p100,p167
p101,p80
p101,p856
p101,p939
p101,p496
p101,p273
p101,p544
p101,p234
p101,p232
p101,p609
p101,p807
p102,p253
p102,p286
p102,p259
p102,p5
p102,p238
p102,p564
p102,p317
p102,p874
p102,p228
p102,p168
p103,p830
p103,p318
p103,p166
p103,p201
p103,p425
p103,p237
p103,p787
p103,p995
p103,p150
p103,p202
p104,p398
p104,p479
p104,p462
p104,p890
p104,p516
p104,p537
p104,p469
p104,p836
p104,p209
p104,p89
p105,p314
p105,p366
p105,p942
p105,p195
p105,p406
p105,p781
p105,p664
p105,p614
p105,p847
p105,p216
p106,p478
p106,p306
p106,p825
p106,p985
p106,p371
p106,p748
p106,p367
p106,p773
p106,p429
p106,p269
p107,p962
p107,p488
p107,p313
p107,p46
p107,p816
p107,p666
p107,p851
p107,p939
p107,p768
p107,p487
p108,p331
p108,p635
p108,p658
p108,p200
p108,p912
p108,p387
p108,p424
p108,p567
p108,p828
p108,p927
p109,p541
p109,p451
p109,p681
p109,p407
p109,p972
p109,p774
p109,p74
p109,p237
p109,p249
p109,p478
p110,p934
p110,p381
p110,p464
p110,p644
p110,p403
p110,p624
p110,p214
p110,p247
p110,p829
p110,p943
p111,p302
p111,p240
p111,p790
p111,p915
p111,p124
p111,p34
p111,p879
p111,p446
p111,p15
p111,p498
p112,p612
p112,p977
p112,p549
p112,p278
p112,p779
p112,p966
p112,p923
p112,p228
p112,p124
p112,p500
p113,p339
p113,p847
p113,p180
p113,p583
p113,p384
p113,p49
p113,p49
p113,p260
p113,p909
p113,p570
p114,p550
p114,p315
p114,p986
p114,p493
p114,p171
p114,p119
p114,p22
p114,p340
p114,p603
p114,p225
p115,p732
p115,p342
p115,p685
p115,p614
p115,p96
p115,p828
p115,p248
p115,p393
p115,p451
p115,p698
p116,p718
p116,p733
p116,p775
p116,p829
p116,p651
p116,p324
p116,p124
p116,p24
p116,p334
p116,p959
p117,p418
p117,p45
p117,p444
p117,p733
p117,p931
p117,p71
p117,p539
p117,p621
p117,p419
p117,p385
p118,p452
p118,p897
p118,p565
p118,p45
p118,p229
p118,p126
p118,p136
p118,p962
p118,p981
p118,p542
p119,p383
p119,p94
p119,p355
p119,p756
p119,p882
p119,p653
p119,p411
p119,p736
p119,p364
p119,p686
p120,p989
p120,p309
p120,p220
p120,p89
p120,p201
p120,p933
p120,p825
p120,p29
p120,p315
p120,p592
p121,p814
p121,p454
p121,p332
p121,p355
p121,p855
p121,p176
p121,p334
p121,p333
p121,p844
p121,p81
p122,p406
p122,p402
p122,p656
p122,p688
p122,p702
p122,p638
p122,p198
p122,p470
p122,p700
p122,p275
p123,p300
p123,p127
p123,p555
p123,p870
p123,p602
p123,p531
p123,p26
p123,p509
p123,p575
p123,p735
p124,p439
p124,p758
p124,p582
p124,p905
p124,p877
p124,p922
p124,p535
p124,p543
p124,p181
p124,p283
p125,p665
p125,p806
p125,p644
p125,p566
p125,p184
p125,p468
p125,p224
p125,p916
p125,p307
p125,p200
p126,p359
p126,p176
p126,p284
p126,p114
p126,p568
p126,p249
p126,p923
p126,p475
p126,p855
p126,p927
p127,p106
p127,p120
p127,p738
p127,p140
p127,p21
p127,p453
p127,p585
p127,p854
p127,p10
p127,p69
p128,p534
p128,p171
p128,p489
p128,p202
p128,p596
p128,p887
p128,p404
p128,p22
p128,p594
p128,p510
p129,p163
p129,p142
p129,p888
p129,p993
p129,p920
p129,p77
p129,p889
p129,p767
p129,p525
p129,p128
p130,p152
p130,p3
p130,p713
p130,p30
p130,p986
p130,p926
p130,p727
p130,p839
p130,p105
p130,p703
p131,p796
p131,p420
p131,p622
p131,p916
p131,p478
p131,p575
p131,p655
p131,p196
p131,p907
p131,p850
p132,p505
p132,p715
p132,p762
p132,p766
p132,p484
p132,p324
p132,p770
p132,p309
p132,p471
p132,p481
p133,p935
p133,p434
p133,p134
p133,p242
p133,p629
p133,p21
p133,p5
p133,p205
p133,p586
p133,p743
p134,p544
p134,p554
p134,p883
p134,p198
p134,p933
p134,p717
p134,p624
p134,p174
p134,p947
p134,p713
p135,p217
p135,p952
p135,p478
p135,p816
p135,p45
p135,p303
p135,p532
p135,p344
p135,p89
p135,p134
p136,p538
p136,p495
p136,p853
p136,p669
p136,p459
p136,p867
p136,p84
p136,p159
p136,p43
p136,p232
p137,p747
p137,p685
p137,p540
p137,p103
p137,p555
p137,p713
p137,p638
p137,p891
p137,p208
p137,p813
p138,p811
p138,p444
p138,p871
p138,p615
p138,p121
p138,p552
p138,p749
p138,p322
p138,p322
p138,p272
p139,p164
p139,p710
p139,p835
p139,p815
p139,p499
p139,p819
p139,p531
p139,p506
p139,p839
p139,p953
p140,p24
p140,p852
p140,p879
p140,p186
p140,p464
p140,p543
p140,p212
p140,p217
p140,p719
p140,p384
p141,p164
p141,p152
p141,p674
p141,p240
p141,p251
p141,p975
p141,p829
p141,p106
p141,p397
p141,p979
p142,p575
p142,p37
p142,p6
p142,p758
p142,p997
p142,p595
p142,p881
p142,p133
p142,p293
p142,p442
p143,p265
p143,p436
p143,p480
p143,p680
p143,p976
p143,p752
p143,p495
p143,p132
p143,p180
p143,p797
p144,p434
p144,p412
p144,p346
p144,p26
p144,p600
p144,p938
p144,p211
p144,p510
p144,p49
p144,p469
p145,p48
p145,p546
p145,p719
p145,p757
p145,p636
p145,p203
p145,p809
p145,p215
p145,p481
p145,p838
p146,p943
p146,p549
p146,p463
p146,p345
p146,p824
p146,p312
p146,p849
p146,p109
p146,p173
p146,p537
p147,p705
p147,p183
p147,p809
p147,p567
p147,p114
p147,p627
p147,p248
p147,p753
p147,p578
p147,p670
p148,p639
p148,p596
p148,p771
p148,p16
p148,p899
p148,p541
p148,p323
p148,p333
p148,p927
p148,p639
p149,p21
p149,p365
p149,p228
p149,p886
p149,p647
p149,p774
p149,p255
p149,p391
p149,p830
p149,p465
p150,p905
p150,p832
p150,p825
p150,p135
p150,p793
p150,p332
p150,p956
p150,p278
p150,p822
p150,p178
p151,p741
p151,p204
p151,p668
p151,p553
p151,p144
p151,p131
p151,p713
p151,p877
p151,p779
p151,p835
p152,p196
p152,p907
p152,p779
p152,p658
p152,p798
p152,p89
p152,p655
p152,p80
p152,p502
p152,p883
p153,p627
p153,p512
p153,p773
p153,p736
p153,p557
p153,p676
p153,p84
p153,p940
p153,p452
p153,p475
p154,p755
p154,p451
p154,p927
p154,p614
p154,p55
p154,p659
p154,p843
p154,p253
p154,p385
p154,p284
p155,p935
p155,p177
p155,p214
p155,p382
p155,p31
p155,p94
p155,p252
p155,p146
p155,p438
p155,p101
p156,p653
p156,p310
p156,p921
p156,p939
p156,p184
p156,p712
p156,p563
p156,p468
p156,p101
p156,p18
p157,p255
p157,p448
p157,p382
p157,p403
p157,p1
p157,p78
p157,p679
p157,p18
p157,p62
p157,p111
p158,p67
p158,p473
p158,p366
p158,p665
p158,p709
p158,p897
p158,p620
p158,p733
p158,p453
p158,p687
p159,p460
p159,p100
p159,p360
p159,p158
p159,p708
p159,p219
p159,p353
p159,p164
p159,p330
p159,p933
p160,p70
p160,p819
p160,p511
p160,p858
p160,p602
p160,p8
p160,p965
p160,p921
p160,p420
p160,p856
p161,p278
p161,p337
p161,p964
p161,p953
p161,p349
p161,p718
p161,p715
p161,p760
p161,p293
p161,p860
p162,p369
p162,p651
p162,p791
p162,p997
p162,p443
p162,p618
p162,p148
p162,p79
p162,p255
p162,p965
p163,p609
p163,p64
p163,p835
p163,p632
p163,p104
p163,p928
p163,p387
p163,p823
p163,p127
p163,p963
p164,p267
p164,p407
p164,p27
p164,p975
p164,p993
p164,p963
p164,p703
p164,p900
p164,p514
p164,p481
p165,p389
p165,p739
p165,p794
p165,p801
p165,p195
p165,p568
p165,p948
p165,p328
p165,p193
p165,p161
p166,p520
p166,p380
p166,p909
p166,p671
p166,p706
p166,p588
p166,p1000
p166,p904
p166,p868
p166,p28
p167,p644
p167,p17
p167,p434
p167,p992
p167,p206
p167,p709
p167,p239
p167,p937
p167,p272
p167,p919
p168,p873
p168,p987
p168,p100
p168,p501
p168,p147
p168,p870
p168,p527
p168,p863
p168,p816
p168,p211
p169,p202
p169,p68
p169,p797
p169,p325
p169,p822
p169,p569
p169,p256
p169,p914
p169,p194
p169,p102
p170,p270
p170,p173
p170,p527
p170,p360
p170,p976
p170,p11
p170,p412
p170,p11
p170,p411
p170,p834
p171,p742
p171,p897
p171,p117
p171,p408
p171,p711
p171,p351
p171,p61
p171,p461
p171,p150
p171,p371
p172,p378
p172,p449
p172,p814
p172,p113
p172,p827
p172,p468
p172,p861
p172,p422
p172,p347
p172,p549
p173,p179
p173,p430
p173,p261
p173,p789
p173,p635
p173,p183
p173,p355
p173,p836
p173,p143
p173,p763
p174,p780
p174,p753
p174,p196
p174,p791
p174,p760
p174,p675
p174,p966
p174,p458
p174,p189
p174,p615
p175,p114
p175,p946
p175,p155
p175,p308
p175,p590
p175,p20
p175,p982
p175,p969
p175,p978
p175,p263
p176,p662
p176,p14
p176,p531
p176,p806
p176,p696
p176,p223
p176,p257
p176,p198
p176,p136
p176,p942
p177,p94
p177,p959
p177,p874
p177,p244
p177,p903
p177,p174
p177,p326
p177,p6
p177,p514
p177,p21
p178,p999
p178,p25
p178,p333
p178,p796
p178,p708
p178,p210
p178,p852
p178,p862
p178,p170
p178,p903
p179,p124
p179,p617
p179,p828
p179,p596
p179,p276
p179,p896
p179,p525
p179,p182
p179,p659
p179,p616
p180,p547
p180,p133
p180,p977
p180,p949
p180,p239
p180,p369
p180,p252
p180,p460
p180,p977
p180,p997
p181,p237
p181,p411
p181,p176
p181,p996
p181,p525
p181,p208
p181,p410
p181,p382
p181,p292
p181,p780
p182,p719
p182,p458
p182,p317
p182,p997
p182,p461
p182,p509
p182,p995
p182,p363
p182,p774
p182,p611
p183,p249
p183,p972
p183,p226
p183,p477
p183,p562
p183,p647
p183,p261
p183,p372
p183,p955
p183,p7
p184,p171
p184,p363
p184,p956
p184,p653
p184,p630
p184,p310
p184,p161
p184,p983
p184,p422
p184,p97
p185,p31
p185,p409
p185,p387
p185,p218
p185,p290
p185,p16
p185,p212
p185,p413
p185,p644
p185,p464
p186,p685
p186,p914
p186,p718
p186,p847
p186,p311
p186,p455
p186,p745
p186,p216
p186,p256
p186,p644
p187,p610
p187,p975
p187,p618
p187,p792
p187,p688
p187,p542
p187,p283
p187,p496
p187,p440
p187,p52
p188,p699
p188,p291
p188,p538
p188,p757
p188,p440
p188,p145
p188,p727
p188,p759
p188,p909
p188,p859
p189,p237
p189,p989
p189,p145
p189,p53
p189,p568
p189,p646
p189,p855
p189,p150
p189,p429
p190,p337
p190,p389
p190,p485
p190,p988
p190,p903
p190,p428
p190,p675
p190,p373
p190,p833
p190,p866
p191,p865
p191,p195
p191,p59
p191,p799
p191,p246
p191,p444
p191,p681
p191,p199
p191,p904
p191,p721
p192,p218
p192,p21
p192,p131
p192,p200
p192,p191
p192,p238
p192,p554
p192,p274
p192,p663
p192,p79
p193,p334
p193,p719
p193,p625
p193,p199
p193,p212
p193,p999
p193,p95
p193,p407
p193,p646
p193,p740
p194,p122
p194,p416
p194,p353
p194,p484
p194,p501
p194,p265
p194,p833
p194,p217
p194,p385
p194,p511
p195,p856
p195,p230
p195,p982
p195,p185
p195,p405
p195,p846
p195,p141
p195,p400
p195,p128
p195,p252
p196,p728
p196,p762
p196,p977
p196,p905
p196,p530
p196,p846
p196,p91
p196,p453
p196,p260
p196,p674
p197,p829
p197,p478
p197,p965
p197,p533
p197,p276
p197,p851
p197,p485
p197,p668
p197,p989
p197,p250
p198,p598
p198,p991
p198,p197
p198,p847
p198,p974
p198,p485
p198,p18
p198,p122
p198,p341
p198,p167
p199,p40
p199,p923
p199,p880
p199,p220
p199,p271
p199,p507
p199,p256
p199,p912
p199,p346
p199,p11
p200,p39
p200,p813
p200,p368
p200,p592
p200,p943
p200,p827
p200,p406
p200,p473
p200,p541
p200,p915
p201,p595
p201,p576
p201,p682
p201,p1
p201,p329
p201,p272
p201,p166
p201,p888
p201,p979
p201,p554
p202,p805
p202,p751
p202,p855
p202,p80
p202,p303
p202,p357
p202,p769
p202,p156
p202,p295
p202,p467
p203,p608
p203,p426
p203,p486
p203,p727
p203,p547
p203,p585
p203,p952
p203,p265
p203,p889
p203,p411
p204,p903
p204,p506
p204,p263
p204,p508
p204,p627
p204,p291
p204,p987
p204,p184
p204,p702
p204,p126
p205,p96
p205,p449
p205,p270
p205,p3
p205,p78
p205,p271
p205,p780
p205,p186
p205,p196
p205,p784
p206,p716
p206,p224
p206,p603
p206,p929
p206,p456
p206,p937
p206,p257
p206,p183
p206,p334
p206,p373
p207,p460
p207,p841
p207,p649
p207,p401
p207,p331
p207,p929
p207,p485
p207,p924
p207,p11
p207,p351
p208,p283
p208,p53
p208,p789
p208,p722
p208,p643
p208,p812
p208,p428
p208,p650
p208,p815
p208,p551
p209,p899
p209,p275
p209,p845
p209,p305
p209,p524
p209,p703
p209,p474
p209,p269
p209,p303
p209,p706
p210,p951
p210,p107
p210,p980
p210,p129
p210,p163
p210,p169
p210,p906
p210,p536
p210,p937
p210,p196
p211,p202
p211,p663
p211,p848
p211,p919
p211,p295
p211,p564
p211,p548
p211,p555
p211,p572
p211,p202
p212,p371
p212,p237
p212,p766
p212,p55
p212,p923
p212,p204
p212,p807
p212,p407
p212,p15
p212,p422
p213,p56
p213,p965
p213,p717
p213,p805
p213,p19
p213,p787
p213,p123
p213,p327
p213,p744
p213,p740
p214,p130
p214,p806
p214,p512
p214,p335
p214,p925
p214,p406
p214,p480
p214,p350
p214,p213
p214,p894
p215,p241
p215,p661
p215,p793
p215,p206
p215,p755
p215,p978
p215,p906
p215,p711
p215,p576
p215,p254
p216,p835
p216,p650
p216,p239
p216,p245
p216,p798
p216,p878
p216,p390
p216,p426
p216,p111
p216,p791
p217,p282
p217,p910
p217,p566
p217,p492
p217,p342
p217,p636
p217,p54
p217,p885
p217,p609
p217,p828
p218,p69
p218,p147
p218,p666
p218,p299
p218,p526
p218,p29
p218,p988
p218,p62
p218,p51
p218,p625
p219,p892
p219,p664
p219,p702
p219,p97
p219,p391
p219,p310
p219,p660
p219,p729
p219,p470
p219,p680
p220,p79
p220,p567
p220,p440
p220,p158
p220,p594
p220,p444
p220,p770
p220,p472
p220,p435
p220,p281
p221,p423
p221,p873
p221,p943
p221,p715
p221,p904
p221,p681
p221,p689
p221,p589
p221,p809
p221,p109
p222,p719
p222,p381
p222,p849
p222,p352
p222,p38
p222,p715
p222,p84
p222,p718
p222,p779
p222,p461
p223,p620
p223,p872
p223,p98
p223,p106
p223,p518
p223,p145
p223,p309
p223,p494
p223,p762
p223,p78
p224,p28
p224,p393
p224,p523
p224,p775
p224,p148
p224,p822
p224,p230
p224,p31
p224,p899
p224,p33
p225,p423
p225,p633
p225,p44
p225,p137
p225,p354
p225,p811
p225,p489
p225,p958
p225,p693
p225,p878
p226,p871
p226,p392
p226,p815
p226,p307
p226,p999
p226,p679
p226,p977
p226,p164
p226,p684
p226,p72
p227,p519
p227,p775
p227,p622
p227,p237
p227,p432
p227,p280
p227,p490
p227,p637
p227,p102
p227,p177
p228,p102
p228,p362
p228,p46
p228,p437
p228,p88
p228,p775
p228,p342
p228,p473
p228,p982
p228,p840
p229,p285
p229,p554
p229,p341
p229,p92
p229,p75
p229,p690
p229,p907
p229,p666
p229,p500
p229,p449
p230,p403
p230,p474
p230,p23
p230,p959
p230,p615
p230,p223
p230,p263
p230,p131
p230,p157
p230,p919
p231,p440
p231,p643
p231,p444
p231,p132
p231,p151
p231,p307
p231,p71
p231,p808
p231,p991
p231,p432
p232,p666
p232,p527
p232,p938
p232,p534
p232,p696
p232,p802
p232,p58
p232,p575
p232,p94
p232,p562
p233,p447
p233,p306
p233,p295
p233,p1
p233,p85
p233,p763
p233,p998
p233,p161
p233,p380
p233,p350
p234,p261
p234,p912
p234,p899
p234,p164
p234,p69
p234,p891
p234,p959
p234,p739
p234,p456
p234,p983
p235,p769
p235,p904
p235,p307
p235,p710
p235,p770
p235,p356
p235,p703
p235,p470
p235,p753
p235,p776
p236,p334
p236,p907
p236,p201
p236,p825
p236,p226
p236,p165
p236,p886
p236,p993
p236,p842
p236,p972
p237,p699
p237,p647
p237,p607
p237,p458
p237,p362
p237,p38
p237,p184
p237,p119
p237,p151
p237,p177
p238,p324
p238,p58
p238,p243
p238,p569
p238,p991
p238,p74
p238,p989
p238,p999
p238,p868
p238,p582
p239,p305
p239,p333
p239,p647
p239,p913
p239,p946
p239,p258
p239,p866
p239,p682
p239,p475
p239,p70
p240,p453
p240,p113
p240,p679
p240,p895
p240,p26
p240,p731
p240,p722
p240,p404
p240,p572
p240,p126
p241,p612
p241,p294
p241,p147
p241,p46
p241,p741
p241,p659
p241,p960
p241,p141
p241,p26
p241,p502
p242,p276
p242,p436
p242,p326
p242,p989
p242,p996
p242,p787
p242,p724
p242,p704
p242,p539
p242,p529
p243,p798
p243,p123
p243,p979
p243,p248
p243,p901
p243,p70
p243,p283
p243,p942
p243,p99
p243,p558
p244,p146
p244,p559
p244,p411
p244,p557
p244,p322
p244,p490
p244,p632
p244,p760
p244,p753
p244,p607
p245,p571
p245,p332
p245,p735
p245,p545
p245,p961
p245,p424
p245,p953
p245,p772
p245,p146
p245,p70
p246,p82
p246,p278
p246,p325
p246,p866
p246,p657
p246,p830
p246,p862
p246,p129
p246,p350
p246,p188
p247,p389
p247,p659
p247,p264
p247,p974
p247,p906
p247,p496
p247,p343
p247,p82
p247,p810
p247,p974
p248,p501
p248,p15
p248,p231
p248,p916
p248,p916
p248,p806
p248,p702
p248,p562
p248,p442
p248,p551
p249,p932
p249,p111
p249,p883
p249,p749
p249,p70
p249,p681
p249,p882
p249,p209
p249,p594
p249,p20
p250,p983
p250,p95
p250,p577
p250,p468
p250,p490
p250,p277
p250,p219
p250,p498
p250,p197
p250,p559
p251,p49
p251,p964
p251,p254
p251,p584
p251,p904
p251,p548
p251,p919
p251,p777
p251,p800
p251,p893
p252,p511
p252,p828
p252,p201
p252,p25
p252,p346
p252,p218
p252,p866
p252,p774
p252,p590
p252,p677
p253,p954
p253,p967
p253,p339
p253,p35
p253,p583
p253,p105
p253,p121
p253,p654
p253,p85
p253,p181
p254,p882
p254,p570
p254,p812
p254,p909
p254,p638
p254,p501
p254,p327
p254,p811
p254,p261
p254,p794
p255,p436
p255,p790
p255,p635
p255,p961
p255,p172
p255,p201
p255,p336
p255,p425
p255,p431
p255,p637
p256,p762
p256,p859
p256,p739
p256,p1000
p256,p243
p256,p375
p256,p739
p256,p190
p256,p930
p256,p135
p257,p713
p257,p608
p257,p975
p257,p204
p257,p80
p257,p638
p257,p376
p257,p904
p257,p68
p257,p438
p258,p818
p258,p11
p258,p299
p258,p91
p258,p384
p258,p721
p258,p776
p258,p51
p258,p537
p258,p938
p259,p391
p259,p354
p259,p265
p259,p140
p259,p494
p259,p638
p259,p845
p259,p436
p259,p979
p259,p956
p260,p804
p260,p305
p260,p42
p260,p462
p260,p916
p260,p371
p260,p419
p260,p232
p260,p238
p260,p36
p261,p59
p261,p414
p261,p237
p261,p55
p261,p602
p261,p349
p261,p686
p261,p307
p261,p457
p261,p23
p262,p579
p262,p257
p262,p618
p262,p241
p262,p424
p262,p401
p262,p845
p262,p577
p262,p732
p262,p795
p263,p652
p263,p711
p263,p628
p263,p737
p263,p428
p263,p397
p263,p871
p263,p924
p263,p50
p263,p567
p264,p552
p264,p225
p264,p147
p264,p55
p264,p123
p264,p14
p264,p240
p264,p9
p264,p10
p264,p215
p265,p929
p265,p530
p265,p14
p265,p675
p265,p500
p265,p291
p265,p640
p265,p326
p265,p338
p265,p528
p266,p348
p266,p998
p266,p242
p266,p88
p266,p308
p266,p910
p266,p566
p266,p151
p266,p485
p266,p395
p267,p227
p267,p572
p267,p948
p267,p990
p267,p426
p267,p865
p267,p665
p267,p403
p267,p366
p267,p900
p268,p616
p268,p430
p268,p462
p268,p999
p268,p490
p268,p337
p268,p791
p268,p2
p268,p376
p268,p425
p269,p151
p269,p41
p269,p566
p269,p125
p269,p816
p269,p278
p269,p732
p269,p9
p269,p482
p269,p616
p270,p672
p270,p866
p270,p511
p270,p601
p270,p326
p270,p853
p270,p282
p270,p272
p270,p172
p270,p526
p271,p274
p271,p965
p271,p830
p271,p59
p271,p167
p271,p277
p271,p261
p271,p142
p271,p80
p271,p803
p272,p531
p272,p439
p272,p283
p272,p336
p272,p364
p272,p171
p272,p556
p272,p603
p272,p29
p272,p638
p273,p470
p273,p715
p273,p988
p273,p281
p273,p598
p273,p805
p273,p423
p273,p212
p273,p785
p273,p882
p274,p175
p274,p882
p274,p636
p274,p923
p274,p811
p274,p220
p274,p622
p274,p610
p274,p960
p274,p455
p275,p133
p275,p35
p275,p804
p275,p724
p275,p227
p275,p305
p275,p872
p275,p368
p275,p169
p275,p694
p276,p522
p276,p273
p276,p397
p276,p195
p276,p568
p276,p813
p276,p378
p276,p992
p276,p739
p276,p413
p277,p496
p277,p835
p277,p823
p277,p216
p277,p28
p277,p638
p277,p981
p277,p989
p277,p701
p277,p785
p278,p770
p278,p365
p278,p289
p278,p942
p278,p850
p278,p335
p278,p69
p278,p890
p278,p13
p278,p477
p279,p790
p279,p807
p279,p860
p279,p1
p279,p799
p279,p500
p279,p883
p279,p411
p279,p616
p279,p667
p280,p283
p280,p120
p280,p185
p280,p264
p280,p123
p280,p598
p280,p291
p280,p356
p280,p656
p280,p100
p281,p494
p281,p247
p281,p871
p281,p271
p281,p373
p281,p941
p281,p977
p281,p424
p281,p84
p281,p966
p282,p520
p282,p412
p282,p240
p282,p163
p282,p295
p282,p624
p282,p927
p282,p597
p282,p52
p282,p296
p283,p249
p283,p383
p283,p891
p283,p750
p283,p48
p283,p852
p283,p182
p283,p933
p283,p100
p283,p576
p284,p763
p284,p348
p284,p669
p284,p822
p284,p606
p284,p153
p284,p344
p284,p990
p284,p774
p284,p599
p285,p749
p285,p638
p285,p341
p285,p48
p285,p316
p285,p612
p285,p713
p285,p372
p285,p697
p285,p539
p286,p242
p286,p681
p286,p395
p286,p713
p286,p25
p286,p721
p286,p873
p286,p801
p286,p823
p286,p72
p287,p400
p287,p749
p287,p388
p287,p525
p287,p575
p287,p914
p287,p31
p287,p751
p287,p132
p287,p992
p288,p267
p288,p784
p288,p673
p288,p864
p288,p388
p288,p21
p288,p624
p288,p690
p288,p426
p288,p483
p289,p630
p289,p979
p289,p536
p289,p845
p289,p767
p289,p916
p289,p378
p289,p791
p289,p907
p289,p556
p290,p983
p290,p318
p290,p353
p290,p899
p290,p31
p290,p214
p290,p688
p290,p834
p290,p691
p290,p896
p291,p461
p291,p280
p291,p447
p291,p431
p291,p742
p291,p588
p291,p134
p291,p42
p291,p366
p291,p273
p292,p447
p292,p98
p292,p392
p292,p321
p292,p456
p292,p518
p292,p392
p292,p693
p292,p599
p292,p723
p293,p483
p293,p482
p293,p222
p293,p901
p293,p842
p293,p58
p293,p211
p293,p97
p293,p260
p293,p347
p294,p350
p294,p592
p294,p759
p294,p195
p294,p858
p294,p315
p294,p149
p294,p461
p294,p682
p294,p546
p295,p601
p295,p639
p295,p630
p295,p231
p295,p180
p295,p916
p295,p944
p295,p547
p295,p953
p295,p175
p296,p956
p296,p244
p296,p430
p296,p765
p296,p632
p296,p372
p296,p266
p296,p99
p296,p560
p296,p465
p297,p801
p297,p483
p297,p872
p297,p714
p297,p532
p297,p581
p297,p695
p297,p142
p297,p369
p297,p883
p298,p199
p298,p242
p298,p962
p298,p583
p298,p590
p298,p929
p298,p52
p298,p180
p298,p199
p298,p242
p299,p928
p299,p528
p299,p261
p299,p535
p299,p570
p299,p411
p299,p211
p299,p924
p299,p369
p299,p930
p300,p974
p300,p1
p300,p595
p300,p717
p300,p927
p300,p431
p300,p121
p300,p375
p300,p876
p300,p285
p301,p275
p301,p565
p301,p846
p301,p434
p301,p370
p301,p907
p301,p604
p301,p348
p301,p70
p301,p598
p302,p7
p302,p950
p302,p201
p302,p176
p302,p803
p302,p469
p302,p215
p302,p916
p302,p607
p302,p14
p303,p723
p303,p253
p303,p540
p303,p34
p303,p795
p303,p108
p303,p228
p303,p437
p303,p839
p303,p396
p304,p935
p304,p855
p304,p566
p304,p509
p304,p441
p304,p812
p304,p540
p304,p676
p304,p239
p304,p401
p305,p831
p305,p290
p305,p439
p305,p591
p305,p353
p305,p983
p305,p531
p305,p188
p305,p267
p306,p972
p306,p940
p306,p610
p306,p309
p306,p816
p306,p669
p306,p562
p306,p791
p306,p853
p306,p43
p307,p153
p307,p122
p307,p929
p307,p416
p307,p85
p307,p742
p307,p309
p307,p722
p307,p549
p307,p246
p308,p958
p308,p442
p308,p186
p308,p146
p308,p187
p308,p239
p308,p71
p308,p821
p308,p393
p308,p655
p309,p557
p309,p35
p309,p994
p309,p72
p309,p877
p309,p822
p309,p11
p309,p930
p309,p17
p309,p926
p310,p533
p310,p923
p310,p632
p310,p231
p310,p592
p310,p510
p310,p193
p310,p297
p310,p600
p310,p652
p311,p540
p311,p839
p311,p878
p311,p959
p311,p919
p311,p337
p311,p585
p311,p522
p311,p550
p311,p70
p312,p228
p312,p557
p312,p357
p312,p623
p312,p537
p312,p855
p312,p830
p312,p564
p312,p111
p312,p897
p313,p667
p313,p515
p313,p670
p313,p478
p313,p429
p313,p237
p313,p875
p313,p617
p313,p628
p313,p381
p314,p442
p314,p803
p314,p515
p314,p327
p314,p818
p314,p868
p314,p641
p314,p72
p314,p447
p314,p865
p315,p184
p315,p167
p315,p675
p315,p413
p315,p366
p315,p698
p315,p699
p315,p54
p315,p481
p315,p563
p316,p955
p316,p173
p316,p758
p316,p847
p316,p908
p316,p543
p316,p785
p316,p763
p316,p20
p316,p152
p317,p339
p317,p310
p317,p369
p317,p638
p317,p283
p317,p144
p317,p984
p317,p535
p317,p1000
p317,p330
p318,p394
p318,p258
p318,p59
p318,p459
p318,p972
p318,p880
p318,p501
p318,p748
p318,p348
p318,p762
p319,p225
p319,p742
p319,p582
p319,p417
p319,p571
p319,p681
p319,p570
p319,p789
p319,p185
p319,p184
p320,p328
p320,p151
p320,p249
p320,p890
p320,p472
p320,p455
p320,p116
p320,p522
p320,p120
p320,p468
p321,p915
p321,p695
p321,p686
p321,p597
p321,p165
p321,p723
p321,p274
p321,p29
p321,p47
p321,p106
p322,p539
p322,p223
p322,p71
p322,p776
p322,p146
p322,p135
p322,p305
p322,p614
p322,p824
p322,p205
p323,p824
p323,p522
p323,p71
p323,p895
p323,p923
p323,p935
p323,p794
p323,p427
p323,p957
p323,p393
p324,p199
p324,p335
p324,p145
p324,p278
p324,p692
p324,p308
p324,p357
p324,p758
p324,p554
p324,p166
p325,p480
p325,p992
p325,p562
p325,p964
p325,p199
p325,p45
p325,p120
p325,p896
p325,p243
p325,p551
p326,p862
p326,p21
p326,p106
p326,p102
p326,p649
p326,p440
p326,p879
p326,p61
p326,p185
p326,p702
p327,p121
p327,p570
p327,p583
p327,p168
p327,p535
p327,p854
p327,p201
p327,p94
p327,p424
p327,p928
p328,p740
p328,p343
p328,p302
p328,p899
p328,p929
p328,p277
p328,p151
p328,p666
p328,p442
p328,p660
p329,p551
p329,p976
p329,p865
p329,p616
p329,p644
p329,p97
p329,p681
p329,p290
p329,p500
p329,p791
p330,p905
p330,p483
p330,p291
p330,p721
p330,p444
p330,p268
p330,p323
p330,p287
p330,p318
p330,p372
p331,p887
p331,p305
p331,p116
p331,p978
p331,p466
p331,p259
p331,p144
p331,p847
p331,p277
p331,p367
p332,p267
p332,p543
p332,p301
p332,p167
p332,p537
p332,p685
p332,p419
p332,p222
p332,p941
p332,p89
p333,p657
p333,p437
p333,p919
p333,p952
p333,p293
p333,p175
p333,p419
p333,p898
p333,p101
p333,p210
p334,p371
p334,p881
p334,p754
p334,p318
p334,p714
p334,p989
p334,p773
p334,p168
p334,p845
p334,p1000
p335,p843
p335,p231
p335,p433
p335,p998
p335,p54
p335,p112
p335,p701
p335,p173
p335,p426
p335,p853
p336,p571
p336,p306
p336,p394
p336,p728
p336,p323
p336,p347
p336,p48
p336,p162
p336,p351
p336,p880
p337,p261
p337,p224
p337,p560
p337,p887
p337,p214
p337,p979
p337,p920
p337,p70
p337,p336
p337,p133
p338,p512
p338,p941
p338,p872
p338,p855
p338,p309
p338,p271
p338,p895
p338,p472
p338,p961
p338,p661
p339,p81
p339,p375
p339,p62
p339,p555
p339,p435
p339,p135
p339,p89
p339,p63
p339,p232
p339,p293
p340,p277
p340,p276
p340,p934
p340,p205
p340,p695
p340,p712
p340,p889
p340,p741
p340,p63
p340,p479
p341,p141
p341,p494
p341,p886
p341,p440
p341,p107
p341,p428
p341,p479
p341,p322
p341,p608
p341,p354
p342,p425
p342,p397
p342,p422
p342,p762
p342,p823
p342,p203
p342,p385
p342,p637
p342,p330
p342,p985
p343,p572
p343,p985
p343,p424
p343,p384
p343,p844
p343,p420
p343,p939
p343,p149
p343,p641
p343,p197
p344,p314
p344,p608
p344,p529
p344,p336
p344,p713
p344,p640
p344,p52
p344,p97
p344,p190
p344,p618
p345,p997
p345,p679
p345,p830
p345,p290
p345,p61
p345,p347
p345,p680
p345,p88
p345,p992
p345,p217
p346,p550
p346,p959
p346,p494
p346,p590
p346,p279
p346,p52
p346,p965
p346,p398
p346,p63
p346,p978
p347,p751
p347,p469
p347,p348
p347,p871
p347,p893
p347,p602
p347,p629
p347,p383
p347,p139
p347,p722
p348,p721
p348,p104
p348,p92
p348,p693
p348,p756
p348,p592
p348,p919
p348,p132
p348,p886
p348,p739
p349,p941
p349,p220
p349,p103
p349,p361
p349,p13
p349,p93
p349,p228
p349,p771
p349,p292
p349,p49
p350,p71
p350,p585
p350,p526
p350,p450
p350,p735
p350,p248
p350,p602
p350,p515
p350,p605
p350,p968
p351,p999
p351,p589
p351,p59
p351,p848
p351,p102
p351,p428
p351,p458
p351,p831
p351,p466
p351,p225
p352,p217
p352,p827
p352,p261
p352,p977
p352,p132
p352,p145
p352,p508
p352,p32
p352,p111
p352,p114
p353,p511
p353,p894
p353,p258
p353,p568
p353,p766
p353,p991
p353,p30
p353,p970
p353,p524
p353,p626
p354,p395
p354,p205
p354,p676
p354,p436
p354,p129
p354,p484
p354,p989
p354,p487
p354,p715
p354,p832
p355,p612
p355,p164
p355,p237
p355,p684
p355,p181
p355,p813
p355,p591
p355,p676
p355,p171
p355,p152
p356,p984
p356,p180
p356,p255
p356,p487
p356,p240
p356,p901
p356,p510
p356,p502
p356,p274
p356,p975
p357,p877
p357,p201
p357,p150
p357,p770
p357,p371
p357,p17
p357,p375
p357,p139
p357,p470
p357,p106
p358,p145
p358,p252
p358,p462
p358,p773
p358,p830
p358,p501
p358,p811
p358,p39
p358,p445
p358,p996
p359,p633
p359,p59
p359,p31
p359,p809
p359,p430
p359,p782
p359,p375
p359,p725
p359,p470
p359,p61
p360,p770
p360,p404
p360,p156
p360,p877
p360,p420
p360,p282
p360,p566
p360,p469
p360,p297
p360,p764
p361,p899
p361,p602
p361,p435
p361,p913
p361,p440
p361,p711
p361,p599
p361,p646
p361,p766
p361,p970
p362,p989
p362,p375
p362,p300
p362,p723
p362,p173
p362,p678
p362,p975
p362,p388
p362,p330
p362,p648
p363,p419
p363,p89
p363,p32
p363,p238
p363,p81
p363,p112
p363,p18
p363,p63
p363,p595
p363,p419
p364,p342
p364,p589
p364,p860
p364,p965
p364,p199
p364,p618
p364,p130
p364,p846
p364,p993
p364,p47
p365,p136
p365,p916
p365,p800
p365,p555
p365,p11
p365,p845
p365,p595
p365,p42
p365,p673
p365,p193
p366,p393
p366,p729
p366,p209
p366,p933
p366,p840
p366,p716
p366,p414
p366,p837
p366,p696
p366,p235
p367,p56
p367,p796
p367,p538
p367,p865
p367,p519
p367,p934
p367,p606
p367,p625
p367,p626
p367,p705
p368,p161
p368,p956
p368,p256
p368,p261
p368,p598
p368,p882
p368,p298
p368,p17
p368,p238
p368,p133
p369,p170
p369,p74
p369,p428
p369,p254
p369,p11
p369,p495
p369,p399
p369,p700
p369,p702
p369,p240
p370,p582
p370,p293
p370,p890
p370,p790
p370,p178
p370,p16
p370,p72
p370,p176
p370,p668
p370,p185
p371,p682
p371,p27
p371,p759
p371,p366
p371,p753
p371,p607
p371,p842
p371,p565
p371,p547
p371,p897
p372,p103
p372,p675
p372,p619
p372,p374
p372,p921
p372,p18
p372,p444
p372,p303
p372,p785
p372,p17
p373,p872
p373,p109
p373,p545
p373,p398
p373,p473
p373,p985
p373,p422
p373,p423
p373,p645
p373,p96
p374,p673
p374,p548
p374,p310
p374,p934
p374,p493
p374,p572
p374,p225
p374,p830
p374,p700
p374,p42
p375,p972
p375,p621
p375,p832
p375,p506
p375,p776
p375,p770
p375,p280
p375,p745
p375,p346
p375,p992
p376,p652
p376,p251
p376,p432
p376,p526
p376,p99
p376,p77
p376,p397
p376,p550
p376,p731
p376,p721
p377,p915
p377,p92
p377,p652
p377,p866
p377,p137
p377,p912
p377,p266
p377,p600
p377,p108
p377,p663
p378,p529
p378,p164
p378,p172
p378,p666
p378,p70
p378,p847
p378,p725
p378,p348
p378,p901
p378,p743
p379,p248
p379,p636
p379,p276
p379,p745
p379,p818
p379,p303
p379,p334
p379,p174
p379,p899
p379,p455
p380,p143
p380,p713
p380,p378
p380,p853
p380,p435
p380,p518
p380,p625
p380,p528
p380,p975
p380,p681
p381,p198
p381,p116
p381,p514
p381,p436
p381,p120
p381,p777
p381,p178
p381,p827
p381,p470
p381,p214
p382,p974
p382,p547
p382,p922
p382,p709
p382,p773
p382,p683
p382,p954
p382,p684
p382,p242
p382,p190
p383,p843
p383,p884
p383,p921
p383,p27
p383,p101
p383,p47
p383,p71
p383,p350
p383,p160
p383,p959
p384,p40
p384,p188
p384,p799
p384,p589
p384,p969
p384,p192
p384,p569
p384,p316
p384,p10
p384,p84
p385,p686
p385,p169
p385,p229
p385,p906
p385,p855
p385,p348
p385,p935
p385,p360
p385,p421
p385,p464
p386,p827
p386,p638
p386,p265
p386,p964
p386,p975
p386,p990
p386,p740
p386,p872
p386,p244
p386,p136
p387,p600
p387,p830
p387,p427
p387,p181
p387,p570
p387,p463
p387,p106
p387,p975
p387,p417
p387,p552
p388,p933
p388,p660
p388,p529
p388,p303
p388,p453
p388,p194
p388,p888
p388,p498
p388,p496
p388,p633
p389,p732
p389,p494
p389,p30
p389,p17
p389,p57
p389,p434
p389,p471
p389,p811
p389,p131
p389,p540
p390,p144
p390,p324
p390,p943
p390,p882
p390,p454
p390,p100
p390,p307
p390,p802
p390,p887
p390,p932
p391,p466
p391,p84
p391,p595
p391,p541
p391,p80
p391,p255
p391,p766
p391,p952
p391,p818
p392,p984
p392,p429
p392,p601
p392,p728
p392,p763
p392,p372
p392,p195
p392,p663
p392,p426
p392,p473
p393,p969
p393,p339
p393,p970
p393,p580
p393,p400
p393,p832
p393,p76
p393,p749
p393,p438
p393,p859
p394,p851
p394,p988
p394,p321
p394,p487
p394,p676
p394,p372
p394,p183
p394,p327
p394,p630
p394,p427
p395,p472
p395,p836
p395,p265
p395,p802
p395,p200
p395,p502
p395,p207
p395,p482
p395,p849
p395,p18
p396,p530
p396,p242
p396,p780
p396,p126
p396,p409
p396,p723
p396,p609
p396,p48
p396,p914
p396,p923
p397,p145
p397,p973
p397,p646
p397,p202
p397,p615
p397,p822
p397,p533
p397,p904
p397,p782
p397,p705
p398,p287
p398,p62
p398,p688
p398,p614
p398,p822
p398,p75
p398,p502
p398,p300
p398,p763
p398,p249
p399,p684
p399,p869
p399,p163
p399,p781
p399,p110
p399,p559
p399,p156
p399,p342
p399,p231
p399,p105
p400,p576
p400,p298
p400,p731
p400,p948
p400,p741
p400,p877
p400,p309
p400,p728
p400,p493
p400,p507
p401,p846
p401,p581
p401,p359
p401,p727
p401,p436
p401,p849
p401,p601
p401,p569
p401,p760
p401,p198
p402,p773
p402,p261
p402,p269
p402,p926
p402,p107
p402,p605
p402,p756
p402,p965
p402,p536
p402,p781
p403,p145
p403,p896
p403,p122
p403,p779
p403,p484
p403,p216
p403,p967
p403,p648
p403,p283
p403,p861
p404,p351
p404,p994
p404,p533
p404,p382
p404,p121
p404,p922
p404,p400
p404,p394
p404,p728
p404,p116
p405,p630
p405,p868
p405,p219
p405,p186
p405,p700
p405,p17
p405,p186
p405,p705
p405,p689
p405,p665
p406,p279
p406,p493
p406,p858
p406,p667
p406,p853
p406,p643
p406,p568
p406,p995
p406,p713
p406,p868
p407,p778
p407,p60
p407,p764
p407,p36
p407,p690
p407,p944
p407,p322
p407,p846
p407,p171
p407,p599
p408,p492
p408,p646
p408,p63
p408,p621
p408,p584
p408,p202
p408,p847
p408,p265
p408,p483
p408,p795
p409,p945
p409,p957
p409,p52
p409,p264
p409,p64
p409,p246
p409,p194
p409,p158
p409,p981
p409,p460
p410,p518
p410,p230
p410,p611
p410,p112
p410,p658
p410,p471
p410,p203
p410,p834
p410,p82
p410,p967
p411,p239
p411,p305
p411,p330
p411,p303
p411,p628
p411,p357
p411,p784
p411,p493
p411,p836
p411,p200
p412,p651
p412,p195
p412,p121
p412,p830
p412,p371
p412,p281
p412,p62
p412,p260
p412,p741
p412,p813
p413,p605
p413,p837
p413,p689
p413,p47
p413,p615
p413,p858
p413,p604
p413,p941
p413,p697
p413,p597
p414,p681
p414,p920
p414,p187
p414,p274
p414,p225
p414,p262
p414,p357
p414,p743
p414,p126
p414,p304
p415,p556
p415,p690
p415,p264
p415,p369
p415,p662
p415,p359
p415,p302
p415,p370
p415,p957
p415,p203
p416,p616
p416,p679
p416,p486
p416,p360
p416,p790
p416,p754
p416,p745
p416,p16
p416,p888
p416,p178
p417,p865
p417,p353
p417,p248
p417,p866
p417,p559
p417,p411
p417,p151
p417,p271
p417,p528
p417,p929
p418,p890
p418,p545
p418,p419
p418,p44
p418,p150
p418,p758
p418,p56
p418,p621
p418,p728
p418,p100
p419,p548
p419,p435
p419,p498
p419,p893
p419,p23
p419,p362
p419,p789
p419,p991
p419,p751
p419,p453
p420,p15
p420,p856
p420,p765
p420,p188
p420,p108
p420,p643
p420,p897
p420,p440
p420,p121
p420,p378
p421,p33
p421,p397
p421,p467
p421,p903
p421,p941
p421,p774
p421,p194
p421,p651
p421,p390
p421,p226
p422,p677
p422,p354
p422,p62
p422,p814
p422,p688
p422,p863
p422,p902
p422,p896
p422,p786
p422,p693
p423,p108
p423,p139
p423,p226
p423,p618
p423,p739
p423,p173
p423,p62
p423,p417
p423,p601
p423,p67
p424,p505
p424,p21
p424,p402
p424,p804
p424,p443
p424,p639
p424,p764
p424,p764
p424,p511
p424,p923
p425,p743
p425,p970
p425,p295
p425,p234
p425,p855
p425,p824
p425,p891
p425,p786
p425,p818
p425,p678
p426,p575
p426,p899
p426,p775
p426,p602
p426,p35
p426,p343
p426,p878
p426,p108
p426,p851
p426,p678
p427,p743
p427,p909
p427,p574
p427,p71
p427,p679
p427,p656
p427,p232
p427,p628
p427,p216
p427,p770
p428,p571
p428,p962
p428,p202
p428,p353
p428,p678
p428,p995
p428,p972
p428,p42
p428,p866
p428,p410
p429,p247
p429,p47
p429,p150
p429,p782
p429,p476
p429,p615
p429,p413
p429,p215
p429,p357
p429,p742
p430,p47
p430,p819
p430,p467
p430,p740
p430,p726
p430,p540
p430,p415
p430,p694
p430,p523
p430,p941
p431,p805
p431,p85
p431,p424
p431,p723
p431,p78
p431,p648
p431,p880
p431,p670
p431,p901
p431,p317
p432,p723
p432,p828
p432,p289
p432,p643
p432,p241
p432,p379
p432,p64
p432,p561
p432,p830
p432,p245
p433,p576
p433,p40
p433,p43
p433,p922
p433,p172
p433,p960
p433,p571
p433,p467
p433,p620
p433,p624
p434,p609
p434,p560
p434,p378
p434,p619
p434,p921
p434,p478
p434,p716
p434,p890
p434,p689
p434,p494
p435,p589
p435,p292
p435,p594
p435,p418
p435,p854
p435,p272
p435,p849
p435,p633
p435,p629
p435,p885
p436,p73
p436,p23
p436,p136
p436,p106
p436,p547
p436,p462
p436,p706
p436,p833
p436,p21
p436,p848
p437,p363
p437,p218
p437,p956
p437,p213
p437,p124
p437,p77
p437,p808
p437,p23
p437,p463
p437,p407
p438,p973
p438,p680
p438,p984
p438,p490
p438,p680
p438,p915
p438,p35
p438,p128
p438,p850
p438,p155
p439,p263
p439,p67
p439,p11
p439,p387
p439,p921
p439,p279
p439,p282
p439,p803
p439,p547
p439,p611
p440,p694
p440,p248
p440,p608
p440,p26
p440,p213
p440,p628
p440,p230
p440,p729
p440,p341
p440,p397
p441,p816
p441,p850
p441,p827
p441,p373
p441,p819
p441,p473
p441,p146
p441,p583
p441,p624
p441,p964
p442,p939
p442,p890
p442,p604
p442,p940
p442,p576
p442,p179
p442,p506
p442,p182
p442,p887
p442,p417
p443,p382
p443,p616
p443,p867
p443,p49
p443,p378
p443,p168
p443,p606
p443,p17
p443,p231
p443,p167
p444,p256
p444,p90
p444,p173
p444,p121
p444,p713
p444,p771
p444,p580
p444,p183
p444,p802
p444,p553
p445,p859
p445,p523
p445,p714
p445,p782
p445,p585
p445,p727
p445,p885
p445,p718
p445,p147
p445,p735
p446,p517
p446,p261
p446,p304
p446,p817
p446,p605
p446,p499
p446,p706
p446,p937
p446,p785
p446,p61
p447,p285
p447,p328
p447,p531
p447,p433
p447,p965
p447,p701
p447,p58
p447,p24
p447,p972
p447,p238
p448,p500
p448,p653
p448,p94
p448,p350
p448,p140
p448,p671
p448,p787
p448,p484
p448,p87
p448,p823
p449,p119
p449,p458
p449,p36
p449,p913
p449,p796
p449,p381
p449,p23
p449,p156
p449,p1000
p449,p218
p450,p852
p450,p717
p450,p108
p450,p851
p450,p84
p450,p172
p450,p376
p450,p194
p450,p742
p450,p217
p451,p410
p451,p216
p451,p555
p451,p176
p451,p183
p451,p167
p451,p720
p451,p496
p451,p354
p451,p728
p452,p181
p452,p715
p452,p503
p452,p130
p452,p31
p452,p148
p452,p970
p452,p232
p452,p896
p452,p552
p453,p105
p453,p817
p453,p459
p453,p22
p453,p629
p453,p822
p453,p946
p453,p624
p453,p213
p453,p222
p454,p646
p454,p512
p454,p452
p454,p419
p454,p998
p454,p881
p454,p977
p454,p606
p454,p557
p454,p40
p455,p980
p455,p279
p455,p765
p455,p377
p455,p320
p455,p328
p455,p708
p455,p610
p455,p556
p455,p623
p456,p776
p456,p709
p456,p936
p456,p839
p456,p512
p456,p186
p456,p277
p456,p629
p456,p191
p456,p789
p457,p367
p457,p248
p457,p810
p457,p165
p457,p375
p457,p285
p457,p138
p457,p768
p457,p920
p457,p164
p458,p626
p458,p157
p458,p192
p458,p651
p458,p686
p458,p637
p458,p992
p458,p298
p458,p927
p458,p716
p459,p291
p459,p564
p459,p767
p459,p153
p459,p153
p459,p93
p459,p923
p459,p918
p459,p530
p459,p572
p460,p98
p460,p896
p460,p486
p460,p549
p460,p231
p460,p486
p460,p157
p460,p708
p460,p723
p460,p212
p461,p685
p461,p219
p461,p654
p461,p709
p461,p415
p461,p755
p461,p635
p461,p901
p461,p764
p461,p501
p462,p200
p462,p677
p462,p359
p462,p367
p462,p303
p462,p984
p462,p365
p462,p381
p462,p184
p462,p374
p463,p194
p463,p489
p463,p784
p463,p360
p463,p675
p463,p992
p463,p516
p463,p568
p463,p652
p463,p827
p464,p456
p464,p12
p464,p184
p464,p113
p464,p490
p464,p272
p464,p986
p464,p146
p464,p661
p464,p126
p465,p208
p465,p863
p465,p737
p465,p837
p465,p485
p465,p563
p465,p715
p465,p299
p465,p430
p465,p543
p466,p269
p466,p39
p466,p656
p466,p538
p466,p752
p466,p24
p466,p773
p466,p198
p466,p819
p467,p368
p467,p961
p467,p121
p467,p414
p467,p654
p467,p735
p467,p627
p467,p328
p467,p53
p467,p562
p468,p487
p468,p505
p468,p228
p468,p701
p468,p538
p468,p168
p468,p89
p468,p348
p468,p843
p468,p887
p469,p973
p469,p396
p469,p160
p469,p327
p469,p223
p469,p56
p469,p968
p469,p559
p469,p79
p469,p694
p470,p232
p470,p537
p470,p728
p470,p558
p470,p352
p470,p617
p470,p499
p470,p803
p470,p891
p470,p953
p471,p91
p471,p131
p471,p78
p471,p940
p471,p364
p471,p550
p471,p735
p471,p228
p471,p599
p471,p284
p472,p231
p472,p461
p472,p879
p472,p64
p472,p328
p472,p978
p472,p838
p472,p668
p472,p90
p472,p372
p473,p609
p473,p187
p473,p405
p473,p716
p473,p605
p473,p336
p473,p931
p473,p249
p473,p439
p473,p95
p474,p905
p474,p909
p474,p783
p474,p860
p474,p204
p474,p197
p474,p914
p474,p34
p474,p756
p474,p109
p475,p744
p475,p181
p475,p981
p475,p267
p475,p709
p475,p117
p475,p553
p475,p327
p475,p721
p475,p843
p476,p555
p476,p247
p476,p542
p476,p828
p476,p858
p476,p251
p476,p741
p476,p420
p476,p547
p476,p150
p477,p71
p477,p125
p477,p218
p477,p134
p477,p237
p477,p5
p477,p491
p477,p598
p477,p773
p477,p801
p478,p274
p478,p889
p478,p832
p478,p43
p478,p409
p478,p357
p478,p922
p478,p238
p478,p506
p478,p719
p479,p286
p479,p828
p479,p320
p479,p626
p479,p983
p479,p576
p479,p19
p479,p898
p479,p310
p479,p86
p480,p648
p480,p577
p480,p609
p480,p247
p480,p76
p480,p475
p480,p663
p480,p16
p480,p33
p480,p424
p481,p969
p481,p958
p481,p845
p481,p638
p481,p561
p481,p711
p481,p143
p481,p311
p481,p968
p481,p646
p482,p986
p482,p671
p482,p495
p482,p454
p482,p55
p482,p826
p482,p926
p482,p127
p482,p505
p482,p98
p483,p478
p483,p297
p483,p277
p483,p843
p483,p723
p483,p440
p483,p776
p483,p882
p483,p121
p483,p441
p484,p21
p484,p914
p484,p562
p484,p504
p484,p846
p484,p659
p484,p735
p484,p488
p484,p329
p484,p657
p485,p527
p485,p929
p485,p835
p485,p976
p485,p443
p485,p606
p485,p7
p485,p962
p485,p444
p485,p337
p486,p759
p486,p598
p486,p688
p486,p445
p486,p450
p486,p494
p486,p442
p486,p475
p486,p851
p486,p643
p487,p921
p487,p943
p487,p990
p487,p492
p487,p428
p487,p709
p487,p404
p487,p918
p487,p889
p487,p618
p488,p28
p488,p545
p488,p917
p488,p870
p488,p682
p488,p693
p488,p933
p488,p300
p488,p198
p488,p414
p489,p953
p489,p926
p489,p125
p489,p179
p489,p981
p489,p543
p489,p270
p489,p297
p489,p986
p489,p570
p490,p466
p490,p360
p490,p71
p490,p159
p490,p362
p490,p360
p490,p449
p490,p728
p490,p29
p490,p184
p491,p987
p491,p73
p491,p913
p491,p652
p491,p178
p491,p831
p491,p786
p491,p927
p491,p792
p491,p156
p492,p846
p492,p604
p492,p171
p492,p746
p492,p83
p492,p550
p492,p263
p492,p990
p492,p525
p492,p125
p493,p502
p493,p879
p493,p97
p493,p874
p493,p921
p493,p688
p493,p230
p493,p818
p493,p65
p493,p347
p494,p372
p494,p723
p494,p927
p494,p546
p494,p641
p494,p380
p494,p260
p494,p153
p494,p919
p494,p760
p495,p223
p495,p372
p495,p317
p495,p652
p495,p626
p495,p457
p495,p817
p495,p345
p495,p838
p495,p991
p496,p270
p496,p33
p496,p799
p496,p464
p496,p476
p496,p553
p496,p954
p496,p631
p496,p159
p496,p52
p497,p836
p497,p934
p497,p716
p497,p360
p497,p852
p497,p960
p497,p133
p497,p8
p497,p280
p497,p706
p498,p473
p498,p392
p498,p53
p498,p970
p498,p729
p498,p301
p498,p836
p498,p671
p498,p876
p498,p804
p499,p51
p499,p754
p499,p111
p499,p110
p499,p495
p499,p655
p499,p793
p499,p560
p499,p796
p499,p293
p500,p214
p500,p576
p500,p704
p500,p537
p500,p414
p500,p750
p500,p207
p500,p472
p500,p573
p500,p337
p501,p946
p501,p514
p501,p351
p501,p512
p501,p704
p501,p181
p501,p857
p501,p697
p501,p856
p501,p410
p502,p87
p502,p911
p502,p933
p502,p195
p502,p567
p502,p746
p502,p134
p502,p483
p502,p345
p502,p892
p503,p498
p503,p716
p503,p593
p503,p899
p503,p192
p503,p755
p503,p115
p503,p404
p503,p350
p503,p61
p504,p918
p504,p776
p504,p694
p504,p418
p504,p94
p504,p110
p504,p304
p504,p535
p504,p144
p504,p422
p505,p709
p505,p75
p505,p226
p505,p923
p505,p660
p505,p466
p505,p184
p505,p442
p505,p243
p505,p43
p506,p99
p506,p655
p506,p204
p506,p802
p506,p425
p506,p320
p506,p68
p506,p49
p506,p283
p506,p163
p507,p363
p507,p517
p507,p409
p507,p152
p507,p787
p507,p482
p507,p938
p507,p564
p507,p976
p507,p26
p508,p340
p508,p793
p508,p250
p508,p174
p508,p694
p508,p727
p508,p720
p508,p999
p508,p905
p508,p207
p509,p403
p509,p652
p509,p410
p509,p449
p509,p979
p509,p607
p509,p373
p509,p578
p509,p281
p509,p634
p510,p984
p510,p412
p510,p630
p510,p619
p510,p975
p510,p403
p510,p777
p510,p917
p510,p878
p510,p286
p511,p430
p511,p500
p511,p884
p511,p129
p511,p522
p511,p6
p511,p634
p511,p212
p511,p130
p511,p426
p512,p462
p512,p622
p512,p235
p512,p938
p512,p917
p512,p696
p512,p173
p512,p252
p512,p995
p512,p936
p513,p760
p513,p672
p513,p580
p513,p793
p513,p474
p513,p906
p513,p442
p513,p57
p513,p556
p513,p108
p514,p693
p514,p10
p514,p210
p514,p297
p514,p949
p514,p37
p514,p713
p514,p417
p514,p416
p514,p307
p515,p124
p515,p877
p515,p374
p515,p286
p515,p26
p515,p692
p515,p941
p515,p797
p515,p646
p515,p187
p516,p614
p516,p678
p516,p154
p516,p899
p516,p138
p516,p779
p516,p960
p516,p666
p516,p16
p516,p953
p517,p895
p517,p920
p517,p924
p517,p772
p517,p641
p517,p928
p517,p299
p517,p431
p517,p929
p517,p191
p518,p654
p518,p90
p518,p157
p518,p214
p518,p913
p518,p508
p518,p97
p518,p77
p518,p543
p518,p594
p519,p340
p519,p821
p519,p755
p519,p989
p519,p695
p519,p510
p519,p152
p519,p633
p519,p151
p519,p442
p520,p361
p520,p299
p520,p300
p520,p619
p520,p51
p520,p209
p520,p960
p520,p370
p520,p61
p520,p800
p521,p887
p521,p498
p521,p671
p521,p954
p521,p875
p521,p699
p521,p257
p521,p249
p521,p507
p521,p263
p522,p415
p522,p376
p522,p756
p522,p434
p522,p510
p522,p903
p522,p312
p522,p939
p522,p118
p522,p120
p523,p468
p523,p176
p523,p562
p523,p886
p523,p17
p523,p998
p523,p781
p523,p376
p523,p834
p523,p166
p524,p633
p524,p121
p524,p397
p524,p93
p524,p628
p524,p991
p524,p12
p524,p54
p524,p252
p524,p575
p525,p238
p525,p128
p525,p48
p525,p755
p525,p676
p525,p838
p525,p193
p525,p906
p525,p122
p525,p987
p526,p55
p526,p24
p526,p770
p526,p397
p526,p345
p526,p658
p526,p75
p526,p545
p526,p180
p526,p867
p527,p206
p527,p582
p527,p380
p527,p394
p527,p937
p527,p657
p527,p263
p527,p427
p527,p760
p527,p835
p528,p673
p528,p387
p528,p153
p528,p428
p528,p317
p528,p902
p528,p455
p528,p420
p528,p39
p528,p815
p529,p451
p529,p760
p529,p697
p529,p1000
p529,p38
p529,p84
p529,p91
p529,p391
p529,p823
p529,p582
p530,p471
p530,p290
p530,p277
p530,p370
p530,p308
p530,p601
p530,p457
p530,p564
p530,p216
p530,p31
p531,p176
p531,p471
p531,p654
p531,p414
p531,p286
p531,p713
p531,p142
p531,p294
p531,p734
p531,p131
p532,p344
p532,p985
p532,p112
p532,p499
p532,p852
p532,p433
p532,p61
p532,p719
p532,p972
p532,p258
p533,p64
p533,p498
p533,p414
p533,p395
p533,p136
p533,p209
p533,p659
p533,p107
p533,p608
p533,p377
p534,p269
p534,p979
p534,p195
p534,p182
p534,p795
p534,p23
p534,p127
p534,p836
p534,p596
p534,p187
p535,p473
p535,p638
p535,p114
p535,p961
p535,p584
p535,p252
p535,p523
p535,p35
p535,p658
p535,p156
p536,p313
p536,p231
p536,p76
p536,p246
p536,p749
p536,p862
p536,p559
p536,p552
p536,p12
p536,p985
p537,p494
p537,p712
p537,p585
p537,p386
p537,p978
p537,p386
p537,p883
p537,p229
p537,p824
p537,p590
p538,p607
p538,p952
p538,p741
p538,p733
p538,p667
p538,p457
p538,p169
p538,p218
p538,p404
p538,p732
p539,p931
p539,p90
p539,p666
p539,p601
p539,p154
p539,p102
p539,p922
p539,p526
p539,p806
p540,p529
p540,p272
p540,p925
p540,p191
p540,p109
p540,p624
p540,p601
p540,p682
p540,p26
p540,p576
p541,p575
p541,p436
p541,p976
p541,p305
p541,p966
p541,p479
p541,p510
p541,p765
p541,p240
p541,p582
p542,p312
p542,p589
p542,p682
p542,p724
p542,p215
p542,p765
p542,p442
p542,p17
p542,p523
p542,p549
p543,p188
p543,p940
p543,p335
p543,p162
p543,p13
p543,p488
p543,p942
p543,p642
p543,p91
p543,p596
p544,p221
p544,p225
p544,p676
p544,p416
p544,p228
p544,p294
p544,p869
p544,p485
p544,p616
p544,p732
p545,p105
p545,p333
p545,p566
p545,p678
p545,p266
p545,p461
p545,p839
p545,p695
p545,p847
p545,p8
p546,p330
p546,p327
p546,p953
p546,p589
p546,p381
p546,p532
p546,p260
p546,p173
p546,p69
p546,p300
p547,p369
p547,p955
p547,p924
p547,p94
p547,p465
p547,p966
p547,p199
p547,p742
p547,p580
p547,p291
p548,p925
p548,p882
p548,p559
p548,p728
p548,p873
p548,p146
p548,p499
p548,p175
p548,p553
p548,p797
p549,p4
p549,p305
p549,p356
p549,p68
p549,p270
p549,p885
p549,p310
p549,p941
p549,p998
p549,p466
p550,p277
p550,p96
p550,p97
p550,p86
p550,p567
p550,p27
p550,p888
p550,p75
p550,p230
p550,p349
p551,p262
p551,p834
p551,p678
p551,p608
p551,p849
p551,p80
p551,p818
p551,p704
p551,p641
p551,p583
p552,p433
p552,p825
p552,p524
p552,p918
p552,p52
p552,p324
p552,p642
p552,p674
p552,p813
p552,p826
p553,p991
p553,p384
p553,p813
p553,p104
p553,p349
p553,p352
p553,p105
p553,p215
p553,p483
p553,p865
p554,p622
p554,p145
p554,p582
p554,p887
p554,p707
p554,p846
p554,p154
p554,p417
p554,p865
p554,p393
p555,p50
p555,p79
p555,p358
p555,p772
p555,p391
p555,p639
p555,p442
p555,p232
p555,p25
p555,p951
p556,p650
p556,p674
p556,p56
p556,p553
p556,p631
p556,p814
p556,p795
p556,p666
p556,p816
p556,p568
p557,p494
p557,p560
p557,p49
p557,p381
p557,p611
p557,p844
p557,p667
p557,p585
p557,p456
p557,p757
p558,p518
p558,p954
p558,p654
p558,p256
p558,p715
p558,p569
p558,p481
p558,p67
p558,p538
p558,p481
p559,p283
p559,p202
p559,p627
p559,p529
p559,p322
p559,p275
p559,p333
p559,p906
p559,p731
p559,p658
p560,p726
p560,p234
p560,p425
p560,p906
p560,p295
p560,p53
p560,p462
p560,p405
p560,p379
p560,p665
p561,p220
p561,p372
p561,p6
p561,p867
p561,p704
p561,p370
p561,p158
p561,p962
p561,p46
p561,p208
p562,p384
p562,p895
p562,p103
p562,p17
p562,p277
p562,p761
p562,p93
p562,p861
p562,p904
p563,p375
p563,p921
p563,p816
p563,p30
p563,p183
p563,p708
p563,p424
p563,p698
p563,p730
p563,p441
p564,p488
p564,p406
p564,p257
p564,p843
p564,p225
p564,p885
p564,p690
p564,p51
p564,p814
p564,p952
p565,p854
p565,p318
p565,p795
p565,p513
p565,p910
p565,p169
p565,p468
p565,p673
p565,p922
p565,p884
p566,p362
p566,p301
p566,p915
p566,p221
p566,p38
p566,p579
p566,p441
p566,p294
p566,p967
p566,p397
p567,p149
p567,p810
p567,p714
p567,p974
p567,p752
p567,p846
p567,p500
p567,p987
p567,p138
p567,p138
p568,p279
p568,p27
p568,p690
p568,p262
p568,p11
p568,p923
p568,p179
p568,p94
p568,p544
p568,p799
p569,p770
p569,p409
p569,p652
p569,p284
p569,p590
p569,p541
p569,p8
p569,p443
p569,p194
p569,p866
p570,p298
p570,p282
p570,p154
p570,p395
p570,p561
p570,p979
p570,p929
p570,p620
p570,p889
p570,p867
p571,p763
p571,p494
p571,p260
p571,p493
p571,p225
p571,p806
p571,p809
p571,p78
p571,p695
p571,p391
p572,p229
p572,p398
p572,p805
p572,p906
p572,p506
p572,p956
p572,p659
p572,p498
p572,p68
p572,p934
p573,p570
p573,p903
p573,p638
p573,p166
p573,p568
p573,p347
p573,p771
p573,p351
p573,p652
p573,p498
p574,p859
p574,p562
p574,p550
p574,p866
p574,p719
p574,p855
p574,p203
p574,p924
p574,p773
p574,p249
p575,p735
p575,p626
p575,p801
p575,p251
p575,p710
p575,p704
p575,p127
p575,p88
p575,p104
p575,p414
p576,p300
p576,p384
p576,p747
p576,p127
p576,p883
p576,p300
p576,p687
p576,p110
p576,p927
p576,p32
p577,p45
p577,p552
p577,p735
p577,p730
p577,p567
p577,p452
p577,p222
p577,p658
p577,p380
p577,p94
p578,p945
p578,p126
p578,p801
p578,p52
p578,p470
p578,p904
p578,p555
p578,p668
p578,p724
p578,p984
p579,p505
p579,p459
p579,p282
p579,p164
p579,p240
p579,p827
p579,p497
p579,p263
p579,p669
p579,p253
p580,p813
p580,p949
p580,p954
p580,p64
p580,p214
p580,p985
p580,p127
p580,p659
p580,p712
p580,p508
p581,p159
p581,p762
p581,p121
p581,p822
p581,p669
p581,p922
p581,p363
p581,p652
p581,p754
p581,p167
p582,p978
p582,p816
p582,p916
p582,p980
p582,p615
p582,p736
p582,p911
p582,p490
p582,p700
p582,p445
p583,p607
p583,p385
p583,p523
p583,p548
p583,p529
p583,p447
p583,p897
p583,p903
p583,p665
p583,p742
p584,p914
p584,p730
p584,p154
p584,p431
p584,p802
p584,p915
p584,p697
p584,p568
p584,p103
p584,p226
p585,p977
p585,p370
p585,p139
p585,p27
p585,p736
p585,p580
p585,p160
p585,p468
p585,p261
p585,p698
p586,p317
p586,p107
p586,p28
p586,p703
p586,p615
p586,p833
p586,p703
p586,p768
p586,p722
p586,p446
p587,p654
p587,p748
p587,p340
p587,p845
p587,p200
p587,p98
p587,p796
p587,p415
p587,p761
p587,p355
p588,p170
p588,p183
p588,p876
p588,p148
p588,p524
p588,p591
p588,p436
p588,p776
p588,p346
p588,p301
p589,p56
p589,p715
p589,p457
p589,p179
p589,p961
p589,p924
p589,p600
p589,p883
p589,p545
p589,p705
p590,p185
p590,p518
p590,p21
p590,p864
p590,p258
p590,p190
p590,p132
p590,p268
p590,p873
p590,p214
p591,p777
p591,p766
p591,p181
p591,p8
p591,p101
p591,p564
p591,p176
p591,p354
p591,p250
p591,p702
p592,p706
p592,p413
p592,p679
p592,p438
p592,p99
p592,p438
p592,p830
p592,p492
p592,p67
p592,p455
p593,p221
p593,p18
p593,p258
p593,p166
p593,p978
p593,p908
p593,p819
p593,p332
p593,p673
p593,p839
p594,p901
p594,p242
p594,p673
p594,p421
p594,p531
p594,p654
p594,p559
p594,p25
p594,p425
p594,p523
p595,p255
p595,p379
p595,p959
p595,p906
p595,p543
p595,p875
p595,p553
p595,p162
p595,p945
p595,p937
p596,p88
p596,p267
p596,p986
p596,p830
p596,p825
p596,p66
p596,p801
p596,p505
p596,p301
p596,p808
p597,p175
p597,p98
p597,p246
p597,p441
p597,p867
p597,p679
p597,p733
p597,p960
p597,p387
p597,p452
p598,p709
p598,p234
p598,p259
p598,p987
p598,p873
p598,p494
p598,p714
p598,p698
p598,p864
p598,p530
p599,p51
p599,p354
p599,p446
p599,p869
p599,p639
p599,p555
p599,p626
p599,p259
p599,p925
p599,p328
p600,p405
p600,p234
p600,p839
p600,p876
p600,p810
p600,p913
p600,p670
p600,p151
p600,p952
p600,p531
p601,p409
p601,p580
p601,p650
p601,p625
p601,p603
p601,p576
p601,p42
p601,p809
p601,p238
p601,p961
p602,p574
p602,p149
p602,p512
p602,p886
p602,p782
p602,p331
p602,p236
p602,p528
p602,p140
p602,p25
p603,p589
p603,p504
p603,p408
p603,p27
p603,p260
p603,p70
p603,p225
p603,p374
p603,p36
p603,p1
p604,p538
p604,p181
p604,p809
p604,p707
p604,p138
p604,p35
p604,p470
p604,p951
p604,p327
p604,p207
p605,p951
p605,p210
p605,p401
p605,p573
p605,p453
p605,p339
p605,p975
p605,p226
p605,p727
p605,p260
p606,p448
p606,p905
p606,p735
p606,p788
p606,p771
p606,p593
p606,p618
p606,p422
p606,p121
p606,p890
p607,p811
p607,p781
p607,p937
p607,p262
p607,p576
p607,p540
p607,p95
p607,p525
p607,p10
p607,p229
p608,p842
p608,p484
p608,p388
p608,p10
p608,p700
p608,p708
p608,p846
p608,p889
p608,p96
p608,p925
p609,p905
p609,p534
p609,p656
p609,p694
p609,p116
p609,p402
p609,p207
p609,p958
p609,p669
p609,p447
p610,p720
p610,p118
p610,p539
p610,p473
p610,p667
p610,p1
p610,p652
p610,p338
p610,p188
p610,p384
p611,p336
p611,p676
p611,p525
p611,p691
p611,p535
p611,p89
p611,p329
p611,p732
p611,p953
p611,p957
p612,p129
p612,p221
p612,p492
p612,p866
p612,p537
p612,p525
p612,p859
p612,p699
p612,p361
p612,p337
p613,p874
p613,p901
p613,p944
p613,p748
p613,p907
p613,p103
p613,p27
p613,p342
p613,p917
p613,p213
p614,p210
p614,p311
p614,p166
p614,p216
p614,p580
p614,p889
p614,p80
p614,p253
p614,p188
p614,p114
p615,p622
p615,p47
p615,p35
p615,p289
p615,p492
p615,p302
p615,p833
p615,p683
p615,p888
p615,p852
p616,p794
p616,p280
p616,p607
p616,p683
p616,p375
p616,p203
p616,p842
p616,p776
p616,p388
p616,p918
p617,p20
p617,p803
p617,p300
p617,p335
p617,p414
p617,p130
p617,p527
p617,p22
p617,p57
p617,p169
p618,p297
p618,p72
p618,p471
p618,p686
p618,p594
p618,p969
p618,p182
p618,p45
p618,p729
p618,p284
p619,p467
p619,p918
p619,p281
p619,p515
p619,p103
p619,p711
p619,p20
p619,p44
p619,p580
p619,p752
p620,p905
p620,p220
p620,p557
p620,p857
p620,p321
p620,p762
p620,p419
p620,p971
p620,p94
p620,p727
p621,p715
p621,p781
p621,p876
p621,p357
p621,p867
p621,p491
p621,p964
p621,p11
p621,p145
p621,p65
p622,p307
p622,p33
p622,p171
p622,p348
p622,p77
p622,p644
p622,p852
p622,p785
p622,p204
p622,p37
p623,p110
p623,p824
p623,p936
p623,p68
p623,p462
p623,p680
p623,p881
p623,p95
p623,p51
p623,p619
p624,p708
p624,p357
p624,p802
p624,p417
p624,p535
p624,p554
p624,p80
p624,p386
p624,p489
p624,p587
p625,p149
p625,p648
p625,p575
p625,p216
p625,p920
p625,p985
p625,p989
p625,p611
p625,p316
p625,p132
p626,p667
p626,p636
p626,p396
p626,p989
p626,p866
p626,p813
p626,p151
p626,p333
p626,p515
p626,p927
p627,p814
p627,p360
p627,p404
p627,p816
p627,p564
p627,p871
p627,p566
p627,p448
p627,p505
p627,p942
p628,p493
p628,p438
p628,p962
p628,p91
p628,p778
p628,p961
p628,p22
p628,p584
p628,p101
p628,p1
p629,p704
p629,p89
p629,p22
p629,p639
p629,p956
p629,p115
p629,p274
p629,p316
p629,p525
p629,p797
p630,p354
p630,p454
p630,p558
p630,p751
p630,p75
p630,p543
p630,p98
p630,p177
p630,p152
p630,p318
p631,p16
p631,p911
p631,p422
p631,p698
p631,p785
p631,p716
p631,p186
p631,p821
p631,p413
p631,p548
p632,p991
p632,p547
p632,p384
p632,p792
p632,p869
p632,p120
p632,p418
p632,p306
p632,p346
p632,p888
p633,p561
p633,p842
p633,p16
p633,p335
p633,p261
p633,p329
p633,p681
p633,p334
p633,p864
p633,p984
p634,p280
p634,p684
p634,p311
p634,p957
p634,p552
p634,p412
p634,p709
p634,p81
p634,p570
p634,p414
p635,p426
p635,p815
p635,p581
p635,p201
p635,p270
p635,p633
p635,p599
p635,p992
p635,p792
p635,p548
p636,p531
p636,p106
p636,p659
p636,p982
p636,p861
p636,p389
p636,p366
p636,p495
p636,p367
p636,p923
p637,p917
p637,p17
p637,p895
p637,p17
p637,p652
p637,p988
p637,p592
p637,p323
p637,p784
p637,p186
p638,p576
p638,p230
p638,p942
p638,p994
p638,p738
p638,p169
p638,p760
p638,p347
p638,p751
p638,p922
p639,p770
p639,p394
p639,p966
p639,p824
p639,p662
p639,p300
p639,p31
p639,p884
p639,p806
p639,p995
p640,p156
p640,p932
p640,p141
p640,p757
p640,p210
p640,p586
p640,p275
p640,p58
p640,p450
p640,p933
p641,p780
p641,p659
p641,p29
p641,p640
p641,p423
p641,p685
p641,p391
p641,p373
p641,p21
p641,p917
p642,p439
p642,p79
p642,p608
p642,p750
p642,p4
p642,p502
p642,p370
p642,p243
p642,p447
p642,p761
p643,p412
p643,p352
p643,p541
p643,p62
p643,p206
p643,p76
p643,p621
p643,p208
p643,p481
p643,p909
p644,p87
p644,p97
p644,p926
p644,p166
p644,p514
p644,p826
p644,p892
p644,p413
p644,p242
p644,p831
p645,p203
p645,p934
p645,p776
p645,p857
p645,p457
p645,p650
p645,p221
p645,p62
p645,p70
p645,p721
p646,p893
p646,p168
p646,p219
p646,p299
p646,p607
p646,p883
p646,p583
p646,p867
p646,p106
p646,p596
p647,p270
p647,p129
p647,p865
p647,p577
p647,p260
p647,p40
p647,p648
p647,p632
p647,p823
p647,p972
p648,p675
p648,p771
p648,p718
p648,p731
p648,p159
p648,p560
p648,p122
p648,p911
p648,p716
p648,p780
p649,p274
p649,p55
p649,p398
p649,p945
p649,p578
p649,p305
p649,p448
p649,p657
p649,p160
p649,p164
p650,p24
p650,p667
p650,p887
p650,p794
p650,p53
p650,p38
p650,p265
p650,p45
p650,p520
p650,p145
p651,p346
p651,p621
p651,p605
p651,p865
p651,p799
p651,p359
p651,p815
p651,p669
p651,p481
p651,p333
p652,p146
p652,p286
p652,p24
p652,p767
p652,p804
p652,p634
p652,p663
p652,p694
p652,p744
p652,p911
p653,p660
p653,p492
p653,p448
p653,p799
p653,p725
p653,p878
p653,p563
p653,p45
p653,p356
p653,p147
p654,p283
p654,p814
p654,p638
p654,p928
p654,p405
p654,p510
p654,p847
p654,p562
p654,p571
p654,p271
p655,p463
p655,p452
p655,p619
p655,p184
p655,p582
p655,p220
p655,p693
p655,p793
p655,p746
p655,p572
p656,p768
p656,p782
p656,p303
p656,p265
p656,p564
p656,p436
p656,p649
p656,p938
p656,p771
p656,p711
p657,p529
p657,p266
p657,p824
p657,p940
p657,p524
p657,p311
p657,p17
p657,p467
p657,p797
p657,p736
p658,p125
p658,p290
p658,p547
p658,p982
p658,p508
p658,p2
p658,p813
p658,p366
p658,p843
p658,p927
p659,p514
p659,p313
p659,p910
p659,p962
p659,p969
p659,p134
p659,p72
p659,p431
p659,p806
p659,p19
p660,p428
p660,p572
p660,p685
p660,p769
p660,p434
p660,p187
p660,p29
p660,p882
p660,p191
p660,p632
p661,p70
p661,p969
p661,p253
p661,p885
p661,p329
p661,p128
p661,p782
p661,p250
p661,p356
p661,p557
p662,p297
p662,p328
p662,p644
p662,p730
p662,p126
p662,p119
p662,p399
p662,p586
p662,p979
p662,p762
p663,p174
p663,p862
p663,p809
p663,p28
p663,p442
p663,p969
p663,p42
p663,p444
p663,p150
p663,p57
p664,p837
p664,p163
p664,p193
p664,p258
p664,p78
p664,p481
p664,p22
p664,p320
p664,p630
p664,p527
p665,p77
p665,p831
p665,p563
p665,p804
p665,p310
p665,p38
p665,p886
p665,p937
p665,p381
p665,p233
p666,p927
p666,p799
p666,p437
p666,p136
p666,p987
p666,p908
p666,p445
p666,p320
p666,p336
p666,p69
p667,p757
p667,p318
p667,p882
p667,p537
p667,p910
p667,p930
p667,p989
p667,p593
p667,p379
p667,p914
p668,p993
p668,p827
p668,p10
p668,p136
p668,p289
p668,p59
p668,p811
p668,p848
p668,p824
p668,p509
p669,p720
p669,p265
p669,p850
p669,p187
p669,p44
p669,p946
p669,p626
p669,p72
p669,p962
p669,p365
p670,p1000
p670,p214
p670,p442
p670,p400
p670,p101
p670,p528
p670,p522
p670,p990
p670,p635
p670,p698
p671,p952
p671,p182
p671,p446
p671,p833
p671,p356
p671,p736
p671,p796
p671,p86
p671,p233
p671,p880
p672,p574
p672,p645
p672,p374
p672,p870
p672,p5
p672,p26
p672,p384
p672,p168
p672,p374
p672,p116
p673,p581
p673,p476
p673,p554
p673,p643
p673,p271
p673,p398
p673,p940
p673,p47
p673,p794
p673,p337
p674,p738
p674,p234
p674,p979
p674,p665
p674,p738
p674,p375
p674,p458
p674,p409
p674,p289
p674,p859
p675,p745
p675,p718
p675,p868
p675,p346
p675,p613
p675,p14
p675,p588
p675,p170
p675,p941
p675,p63
p676,p889
p676,p610
p676,p73
p676,p812
p676,p809
p676,p537
p676,p673
p676,p910
p676,p688
p676,p807
p677,p680
p677,p920
p677,p452
p677,p215
p677,p782
p677,p501
p677,p946
p677,p589
p677,p121
p677,p91
p678,p130
p678,p567
p678,p390
p678,p72
p678,p457
p678,p96
p678,p750
p678,p683
p678,p483
p678,p101
p679,p640
p679,p733
p679,p9
p679,p662
p679,p465
p679,p546
p679,p179
p679,p318
p679,p155
p679,p201
p680,p99
p680,p218
p680,p908
p680,p89
p680,p431
p680,p940
p680,p379
p680,p654
p680,p203
p680,p970
p681,p879
p681,p700
p681,p834
p681,p411
p681,p614
p681,p539
p681,p534
p681,p311
p681,p336
p681,p421
p682,p933
p682,p425
p682,p580
p682,p289
p682,p911
p682,p784
p682,p678
p682,p558
p682,p374
p682,p486
p683,p809
p683,p37
p683,p795
p683,p239
p683,p722
p683,p405
p683,p49
p683,p262
p683,p274
p683,p451
p684,p68
p684,p922
p684,p417
p684,p628
p684,p347
p684,p164
p684,p224
p684,p390
p684,p561
p684,p445
p685,p452
p685,p586
p685,p990
p685,p109
p685,p98
p685,p490
p685,p479
p685,p752
p685,p794
p685,p653
p686,p382
p686,p459
p686,p992
p686,p722
p686,p765
p686,p249
p686,p845
p686,p436
p686,p684
p686,p417
p687,p623
p687,p506
p687,p604
p687,p211
p687,p54
p687,p852
p687,p284
p687,p7
p687,p697
p687,p461
p688,p538
p688,p583
p688,p124
p688,p113
p688,p551
p688,p925
p688,p260
p688,p622
p688,p151
p688,p107
p689,p995
p689,p462
p689,p647
p689,p51
p689,p193
p689,p276
p689,p419
p689,p541
p689,p223
p689,p132
p690,p362
p690,p80
p690,p93
p690,p255
p690,p316
p690,p843
p690,p356
p690,p265
p690,p322
p690,p456
p691,p807
p691,p879
p691,p843
p691,p274
p691,p976
p691,p953
p691,p525
p691,p233
p691,p663
p691,p453
p692,p889
p692,p743
p692,p132
p692,p313
p692,p139
p692,p663
p692,p552
p692,p523
p692,p411
p692,p321
p693,p801
p693,p119
p693,p678
p693,p998
p693,p619
p693,p396
p693,p310
p693,p712
p693,p283
p693,p404
p694,p137
p694,p555
p694,p832
p694,p849
p694,p855
p694,p83
p694,p91
p694,p26
p694,p287
p694,p663
p695,p378
p695,p648
p695,p82
p695,p581
p695,p816
p695,p993
p695,p450
p695,p74
p695,p13
p695,p201
p696,p32
p696,p155
p696,p992
p696,p908
p696,p732
p696,p151
p696,p195
p696,p211
p696,p512
p696,p386
p697,p104
p697,p372
p697,p588
p697,p899
p697,p590
p697,p995
p697,p991
p697,p241
p697,p248
p697,p851
p698,p206
p698,p303
p698,p999
p698,p687
p698,p247
p698,p331
p698,p283
p698,p402
p698,p193
p698,p169
p699,p74
p699,p157
p699,p901
p699,p854
p699,p419
p699,p64
p699,p528
p699,p206
p699,p456
p699,p508
p700,p644
p700,p478
p700,p479
p700,p93
p700,p81
p700,p242
p700,p518
p700,p814
p700,p477
p700,p121
p701,p799
p701,p638
p701,p694
p701,p345
p701,p35
p701,p947
p701,p223
p701,p703
p701,p477
p701,p418
p702,p140
p702,p270
p702,p392
p702,p338
p702,p6
p702,p456
p702,p396
p702,p512
p702,p480
p702,p423
p703,p68
p703,p228
p703,p138
p703,p285
p703,p177
p703,p545
p703,p847
p703,p443
p703,p365
p703,p744
p704,p493
p704,p181
p704,p77
p704,p84
p704,p806
p704,p92
p704,p413
p704,p434
p704,p338
p704,p386
p705,p242
p705,p246
p705,p769
p705,p583
p705,p236
p705,p150
p705,p276
p705,p555
p705,p115
p706,p801
p706,p327
p706,p405
p706,p654
p706,p723
p706,p247
p706,p480
p706,p531
p706,p837
p706,p515
p707,p49
p707,p410
p707,p443
p707,p552
p707,p894
p707,p712
p707,p98
p707,p650
p707,p741
p707,p469
p708,p631
p708,p994
p708,p64
p708,p375
p708,p373
p708,p831
p708,p838
p708,p130
p708,p796
p708,p814
p709,p907
p709,p40
p709,p948
p709,p441
p709,p984
p709,p974
p709,p271
p709,p317
p709,p729
p709,p803
p710,p246
p710,p258
p710,p151
p710,p91
p710,p503
p710,p548
p710,p749
p710,p817
p710,p247
p710,p540
p711,p370
p711,p580
p711,p195
p711,p708
p711,p578
p711,p404
p711,p671
p711,p954
p711,p719
p711,p183
p712,p525
p712,p245
p712,p102
p712,p842
p712,p693
p712,p734
p712,p53
p712,p763
p712,p754
p712,p478
p713,p704
p713,p666
p713,p794
p713,p654
p713,p350
p713,p733
p713,p425
p713,p109
p713,p41
p713,p384
p714,p437
p714,p656
p714,p759
p714,p365
p714,p561
p714,p83
p714,p199
p714,p164
p714,p11
p714,p283
p715,p207
p715,p732
p715,p140
p715,p375
p715,p911
p715,p963
p715,p263
p715,p607
p715,p538
p715,p61
p716,p247
p716,p459
p716,p847
p716,p484
p716,p202
p716,p660
p716,p209
p716,p441
p716,p656
p716,p2
p717,p107
p717,p947
p717,p643
p717,p829
p717,p496
p717,p545
p717,p124
p717,p381
p717,p277
p717,p192
p718,p91
p718,p603
p718,p78
p718,p461
p718,p699
p718,p171
p718,p389
p718,p197
p718,p537
p718,p923
p719,p922
p719,p421
p719,p739
p719,p37
p719,p64
p719,p873
p719,p183
p719,p114
p719,p28
p719,p900
p720,p963
p720,p335
p720,p368
p720,p541
p720,p289
p720,p760
p720,p703
p720,p991
p720,p614
p720,p875
p721,p19
p721,p388
p721,p561
p721,p725
p721,p143
p721,p711
p721,p843
p721,p686
p721,p365
p722,p48
p722,p804
p722,p274
p722,p483
p722,p340
p722,p587
p722,p400
p722,p978
p722,p507
p722,p600
p723,p955
p723,p941
p723,p750
p723,p199
p723,p363
p723,p969
p723,p483
p723,p473
p723,p91
p723,p657
p724,p155
p724,p244
p724,p435
p724,p453
p724,p909
p724,p114
p724,p986
p724,p357
p724,p483
p724,p153
p725,p681
p725,p817
p725,p299
p725,p177
p725,p9
p725,p189
p725,p60
p725,p463
p725,p762
p725,p614
p726,p870
p726,p471
p726,p659
p726,p812
p726,p729
p726,p529
p726,p857
p726,p722
p726,p584
p726,p428
p727,p341
p727,p133
p727,p404
p727,p907
p727,p952
p727,p324
p727,p154
p727,p680
p727,p147
p727,p748
p728,p497
p728,p188
p728,p285
p728,p421
p728,p492
p728,p24
p728,p827
p728,p929
p728,p569
p728,p500
p729,p514
p729,p398
p729,p59
p729,p37
p729,p99
p729,p550
p729,p181
p729,p122
p729,p492
p729,p295
p730,p283
p730,p783
p730,p184
p730,p51
p730,p839
p730,p211
p730,p830
p730,p684
p730,p249
p730,p484
p731,p842
p731,p622
p731,p134
p731,p514
p731,p601
p731,p175
p731,p167
p731,p976
p731,p816
p731,p479
p732,p443
p732,p159
p732,p202
p732,p373
p732,p887
p732,p218
p732,p974
p732,p434
p732,p23
p732,p687
p733,p396
p733,p426
p733,p641
p733,p478
p733,p112
p733,p547
p733,p816
p733,p1000
p733,p342
p733,p436
p734,p183
p734,p236
p734,p263
p734,p551
p734,p947
p734,p367
p734,p381
p734,p752
p734,p856
p734,p946
p735,p415
p735,p251
p735,p333
p735,p103
p735,p469
p735,p505
p735,p63
p735,p465
p735,p806
p735,p411
p736,p847
p736,p964
p736,p563
p736,p390
p736,p649
p736,p769
p736,p389
p736,p845
p736,p766
p736,p51
p737,p633
p737,p351
p737,p654
p737,p524
p737,p865
p737,p493
p737,p23
p737,p429
p737,p294
p737,p964
p738,p963
p738,p841
p738,p983
p738,p909
p738,p179
p738,p649
p738,p229
p738,p130
p738,p949
p738,p869
p739,p409
p739,p309
p739,p2
p739,p171
p739,p774
p739,p880
p739,p881
p739,p622
p739,p473
p739,p126
p740,p707
p740,p238
p740,p146
p740,p917
p740,p195
p740,p262
p740,p31
p740,p870
p740,p830
p740,p733
p741,p406
p741,p966
p741,p740
p741,p436
p741,p761
p741,p743
p741,p108
p741,p944
p741,p895
p741,p704
p742,p511
p742,p851
p742,p563
p742,p407
p742,p238
p742,p382
p742,p71
p742,p851
p742,p480
p742,p359
p743,p992
p743,p820
p743,p439
p743,p294
p743,p333
p743,p24
p743,p973
p743,p787
p743,p748
p743,p470
p744,p163
p744,p165
p744,p788
p744,p177
p744,p749
p744,p627
p744,p984
p744,p346
p744,p260
p744,p884
p745,p713
p745,p578
p745,p688
p745,p293
p745,p859
p745,p217
p745,p21
p745,p188
p745,p101
p745,p782
p746,p347
p746,p768
p746,p62
p746,p428
p746,p301
p746,p690
p746,p640
p746,p241
p746,p556
p746,p187
p747,p299
p747,p801
p747,p597
p747,p641
p747,p228
p747,p78
p747,p768
p747,p50
p747,p393
p747,p86
p748,p467
p748,p759
p748,p272
p748,p574
p748,p446
p748,p678
p748,p729
p748,p940
p748,p452
p748,p514
p749,p349
p749,p751
p749,p638
p749,p802
p749,p552
p749,p802
p749,p462
p749,p173
p749,p973
p749,p224
p750,p646
p750,p117
p750,p342
p750,p109
p750,p820
p750,p516
p750,p560
p750,p592
p750,p479
p750,p396
p751,p876
p751,p283
p751,p400
p751,p560
p751,p755
p751,p898
p751,p118
p751,p782
p751,p602
p751,p514
p752,p958
p752,p419
p752,p341
p752,p236
p752,p278
p752,p802
p752,p985
p752,p590
p752,p599
p752,p635
p753,p788
p753,p454
p753,p426
p753,p892
p753,p678
p753,p445
p753,p158
p753,p383
p753,p398
p753,p9
p754,p679
p754,p648
p754,p151
p754,p196
p754,p18
p754,p468
p754,p783
p754,p490
p754,p832
p754,p925
p755,p943
p755,p842
p755,p819
p755,p381
p755,p549
p755,p290
p755,p699
p755,p246
p755,p424
p755,p180
p756,p519
p756,p434
p756,p937
p756,p389
p756,p277
p756,p878
p756,p631
p756,p479
p756,p385
p756,p469
p757,p18
p757,p921
p757,p210
p757,p986
p757,p982
p757,p202
p757,p315
p757,p636
p757,p296
p757,p891
p758,p529
p758,p795
p758,p494
p758,p321
p758,p628
p758,p747
p758,p385
p758,p294
p758,p896
p758,p896
p759,p637
p759,p583
p759,p175
p759,p5
p759,p107
p759,p962
p759,p44
p759,p146
p759,p732
p759,p375
p760,p230
p760,p586
p760,p315
p760,p990
p760,p564
p760,p908
p760,p784
p760,p770
p760,p842
p760,p258
p761,p256
p761,p566
p761,p699
p761,p341
p761,p570
p761,p936
p761,p656
p761,p245
p761,p719
p761,p286
p762,p75
p762,p184
p762,p114
p762,p112
p762,p943
p762,p488
p762,p380
p762,p839
p762,p61
p762,p310
p763,p650
p763,p187
p763,p66
p763,p583
p763,p728
p763,p39
p763,p926
p763,p50
p763,p386
p763,p807
p764,p31
p764,p126
p764,p554
p764,p24
p764,p449
p764,p283
p764,p970
p764,p673
p764,p553
p764,p170
p765,p95
p765,p641
p765,p511
p765,p321
p765,p189
p765,p872
p765,p504
p765,p885
p765,p686
p765,p440
p766,p350
p766,p800
p766,p312
p766,p6
p766,p983
p766,p50
p766,p593
p766,p368
p766,p827
p766,p787
p767,p400
p767,p232
p767,p302
p767,p46
p767,p486
p767,p886
p767,p170
p767,p630
p767,p609
p767,p349
p768,p706
p768,p467
p768,p91
p768,p676
p768,p698
p768,p200
p768,p757
p768,p590
p768,p55
p768,p700
p769,p220
p769,p849
p769,p296
p769,p945
p769,p454
p769,p4
p769,p946
p769,p474
p769,p178
p769,p595
p770,p918
p770,p204
p770,p601
p770,p392
p770,p179
p770,p988
p770,p219
p770,p555
p770,p272
p770,p97
p771,p622
p771,p62
p771,p730
p771,p934
p771,p902
p771,p92
p771,p573
p771,p313
p771,p774
p771,p375
p772,p676
p772,p405
p772,p373
p772,p577
p772,p867
p772,p265
p772,p260
p772,p372
p772,p668
p772,p944
p773,p138
p773,p234
p773,p562
p773,p645
p773,p167
p773,p118
p773,p429
p773,p997
p773,p370
p773,p396
p774,p811
p774,p132
p774,p225
p774,p779
p774,p814
p774,p402
p774,p526
p774,p189
p774,p746
p774,p133
p775,p365
p775,p71
p775,p429
p775,p429
p775,p116
p775,p557
p775,p36
p775,p272
p775,p253
p775,p986
p776,p705
p776,p346
p776,p835
p776,p581
p776,p757
p776,p357
p776,p615
p776,p323
p776,p513
p776,p899
p777,p976
p777,p238
p777,p657
p777,p232
p777,p46
p777,p921
p777,p593
p777,p390
p777,p439
p777,p888
p778,p936
p778,p157
p778,p285
p778,p127
p778,p624
p778,p118
p778,p407
p778,p729
p778,p493
p778,p293
p779,p664
p779,p574
p779,p605
p779,p72
p779,p6
p779,p218
p779,p760
p779,p501
p779,p292
p779,p258
p780,p212
p780,p393
p780,p106
p780,p18
p780,p31
p780,p373
p780,p701
p780,p667
p780,p205
p780,p819
p781,p399
p781,p639
p781,p69
p781,p184
p781,p384
p781,p986
p781,p938
p781,p816
p781,p652
p781,p458
p782,p553
p782,p943
p782,p168
p782,p819
p782,p313
p782,p377
p782,p509
p782,p240
p782,p886
p782,p325
p783,p291
p783,p411
p783,p51
p783,p728
p783,p100
p783,p654
p783,p106
p783,p165
p783,p372
p783,p515
p784,p575
p784,p765
p784,p441
p784,p524
p784,p997
p784,p367
p784,p431
p784,p508
p784,p23
p784,p947
p785,p405
p785,p684
p785,p115
p785,p299
p785,p413
p785,p500
p785,p356
p785,p104
p785,p880
p785,p903
p786,p880
p786,p216
p786,p265
p786,p271
p786,p178
p786,p913
p786,p397
p786,p706
p786,p208
p786,p429
p787,p311
p787,p733
p787,p68
p787,p144
p787,p856
p787,p587
p787,p49
p787,p157
p787,p155
p787,p820
p788,p937
p788,p641
p788,p942
p788,p934
p788,p941
p788,p350
p788,p340
p788,p691
p788,p379
p788,p54
p789,p396
p789,p675
p789,p592
p789,p862
p789,p313
p789,p835
p789,p985
p789,p328
p789,p780
p789,p763
p790,p860
p790,p57
p790,p207
p790,p867
p790,p511
p790,p394
p790,p729
p790,p397
p790,p531
p790,p500
p791,p732
p791,p260
p791,p343
p791,p196
p791,p798
p791,p656
p791,p63
p791,p940
p791,p961
p791,p320
p792,p332
p792,p264
p792,p754
p792,p633
p792,p569
p792,p299
p792,p248
p792,p391
p792,p389
p792,p461
p793,p761
p793,p61
p793,p558
p793,p946
p793,p620
p793,p232
p793,p777
p793,p997
p793,p226
p793,p14
p794,p465
p794,p660
p794,p993
p794,p649
p794,p66
p794,p921
p794,p765
p794,p748
p794,p901
p795,p158
p795,p633
p795,p247
p795,p333
p795,p1000
p795,p85
p795,p535
p795,p335
p795,p839
p795,p131
p796,p922
p796,p147
p796,p229
p796,p610
p796,p803
p796,p277
p796,p637
p796,p889
p796,p360
p796,p144
p797,p919
p797,p535
p797,p491
p797,p837
p797,p640
p797,p442
p797,p739
p797,p312
p797,p99
p797,p3
p798,p462
p798,p677
p798,p634
p798,p858
p798,p470
p798,p660
p798,p467
p798,p737
p798,p496
p798,p349
p799,p474
p799,p501
p799,p34
p799,p795
p799,p220
p799,p712
p799,p783
p799,p387
p799,p334
p799,p948
p800,p177
p800,p823
p800,p111
p800,p997
p800,p829
p800,p75
p800,p730
p800,p521
p800,p543
p800,p190
p801,p820
p801,p202
p801,p51
p801,p408
p801,p53
p801,p921
p801,p365
p801,p811
p801,p891
p801,p915
p802,p551
p802,p54
p802,p682
p802,p494
p802,p728
p802,p970
p802,p660
p802,p351
p802,p99
p802,p996
p803,p269
p803,p357
p803,p808
p803,p667
p803,p885
p803,p12
p803,p37
p803,p991
p803,p486
p803,p115
p804,p859
p804,p69
p804,p701
p804,p601
p804,p830
p804,p496
p804,p751
p804,p374
p804,p369
p804,p803
p805,p647
p805,p264
p805,p663
p805,p209
p805,p419
p805,p883
p805,p656
p805,p450
p805,p247
p805,p329
p806,p105
p806,p745
p806,p435
p806,p392
p806,p743
p806,p519
p806,p909
p806,p410
p806,p217
p806,p388
p807,p643
p807,p41
p807,p635
p807,p478
p807,p934
p807,p834
p807,p197
p807,p980
p807,p706
p807,p563
p808,p221
p808,p235
p808,p445
p808,p923
p808,p387
p808,p178
p808,p966
p808,p822
p808,p781
p808,p701
p809,p265
p809,p14
p809,p437
p809,p75
p809,p797
p809,p926
p809,p690
p809,p110
p809,p832
p809,p499
p810,p868
p810,p131
p810,p943
p810,p901
p810,p732
p810,p364
p810,p951
p810,p766
p810,p756
p810,p744
p811,p725
p811,p147
p811,p546
p811,p868
p811,p914
p811,p354
p811,p495
p811,p506
p811,p312
p811,p858
p812,p77
p812,p60
p812,p499
p812,p834
p812,p348
p812,p147
p812,p986
p812,p312
p812,p155
p812,p419
p813,p419
p813,p587
p813,p113
p813,p934
p813,p928
p813,p39
p813,p45
p813,p711
p813,p609
p813,p997
p814,p187
p814,p984
p814,p702
p814,p425
p814,p531
p814,p254
p814,p290
p814,p937
p814,p501
p814,p86
p815,p328
p815,p907
p815,p844
p815,p445
p815,p31
p815,p514
p815,p495
p815,p682
p815,p699
p815,p623
p816,p403
p816,p882
p816,p605
p816,p852
p816,p176
p816,p531
p816,p224
p816,p871
p816,p920
p816,p880
p817,p985
p817,p463
p817,p325
p817,p934
p817,p562
p817,p210
p817,p309
p817,p289
p817,p946
p817,p885
p818,p483
p818,p45
p818,p95
p818,p164
p818,p858
p818,p742
p818,p897
p818,p391
p818,p652
p818,p371
p819,p561
p819,p394
p819,p917
p819,p832
p819,p1
p819,p523
p819,p24
p819,p119
p819,p764
p819,p898
p820,p760
p820,p430
p820,p276
p820,p458
p820,p265
p820,p79
p820,p785
p820,p116
p820,p329
p820,p906
p821,p689
p821,p309
p821,p830
p821,p202
p821,p623
p821,p135
p821,p815
p821,p144
p821,p304
p821,p264
p822,p695
p822,p956
p822,p645
p822,p87
p822,p263
p822,p175
p822,p934
p822,p635
p822,p568
p822,p472
p823,p366
p823,p344
p823,p513
p823,p326
p823,p842
p823,p245
p823,p851
p823,p158
p823,p444
p823,p639
p824,p212
p824,p346
p824,p547
p824,p125
p824,p671
p824,p877
p824,p481
p824,p812
p824,p511
p824,p314
p825,p835
p825,p221
p825,p833
p825,p846
p825,p537
p825,p39
p825,p769
p825,p417
p825,p355
p825,p567
p826,p655
p826,p249
p826,p405
p826,p675
p826,p45
p826,p263
p826,p134
p826,p291
p826,p880
p826,p145
p827,p907
p827,p442
p827,p200
p827,p157
p827,p380
p827,p229
p827,p398
p827,p638
p827,p20
p827,p823
p828,p920
p828,p394
p828,p107
p828,p564
p828,p499
p828,p705
p828,p982
p828,p467
p828,p600
p828,p436
p829,p750
p829,p199
p829,p685
p829,p23
p829,p266
p829,p965
p829,p713
p829,p201
p829,p394
p829,p378
p830,p783
p830,p112
p830,p449
p830,p939
p830,p565
p830,p430
p830,p724
p830,p51
p830,p439
p830,p826
p831,p756
p831,p870
p831,p261
p831,p773
p831,p3
p831,p511
p831,p305
p831,p419
p831,p363
p831,p728
p832,p868
p832,p332
p832,p394
p832,p285
p832,p360
p832,p598
p832,p385
p832,p175
p832,p543
p832,p85
p833,p249
p833,p280
p833,p916
p833,p887
p833,p290
p833,p259
p833,p669
p833,p890
p833,p534
p833,p543
p834,p277
p834,p139
p834,p258
p834,p927
p834,p23
p834,p107
p834,p497
p834,p364
p834,p362
p834,p988
p835,p626
p835,p658
p835,p594
p835,p661
p835,p178
p835,p565
p835,p890
p835,p933
p835,p242
p835,p558
p836,p438
p836,p579
p836,p14
p836,p165
p836,p895
p836,p576
p836,p969
p836,p737
p836,p148
p836,p460
p837,p157
p837,p933
p837,p38
p837,p830
p837,p186
p837,p107
p837,p938
p837,p193
p837,p845
p837,p381
p838,p584
p838,p278
p838,p19
p838,p212
p838,p868
p838,p586
p838,p694
p838,p701
p838,p7
p838,p750
p839,p558
p839,p378
p839,p72
p839,p207
p839,p355
p839,p606
p839,p391
p839,p432
p839,p51
p839,p940
p840,p988
p840,p281
p840,p846
p840,p194
p840,p407
p840,p896
p840,p668
p840,p339
p840,p777
p840,p364
p841,p983
p841,p979
p841,p515
p841,p641
p841,p539
p841,p142
p841,p396
p841,p703
p841,p121
p841,p956
p842,p287
p842,p5
p842,p895
p842,p200
p842,p227
p842,p597
p842,p938
p842,p356
p842,p877
p842,p421
p843,p168
p843,p929
p843,p871
p843,p95
p843,p220
p843,p714
p843,p99
p843,p992
p843,p775
p843,p548
p844,p282
p844,p729
p844,p150
p844,p260
p844,p767
p844,p129
p844,p241
p844,p768
p844,p791
p844,p223
p845,p14
p845,p836
p845,p662
p845,p139
p845,p912
p845,p576
p845,p796
p845,p554
p845,p95
p845,p223
p846,p288
p846,p938
p846,p689
p846,p556
p846,p380
p846,p172
p846,p293
p846,p832
p846,p405
p846,p338
p847,p336
p847,p247
p847,p434
p847,p191
p847,p220
p847,p369
p847,p725
p847,p708
p847,p218
p847,p924
p848,p547
p848,p75
p848,p991
p848,p969
p848,p17
p848,p939
p848,p153
p848,p121
p848,p397
p848,p717
p849,p220
p849,p541
p849,p759
p849,p25
p849,p451
p849,p246
p849,p155
p849,p370
p849,p106
p849,p496
p850,p675
p850,p283
p850,p268
p850,p56
p850,p214
p850,p534
p850,p61
p850,p344
p850,p613
p850,p780
p851,p666
p851,p269
p851,p234
p851,p749
p851,p425
p851,p741
p851,p38
p851,p999
p851,p102
p851,p615
p852,p91
p852,p319
p852,p328
p852,p826
p852,p147
p852,p849
p852,p241
p852,p625
p852,p880
p852,p485
p853,p580
p853,p446
p853,p837
p853,p760
p853,p947
p853,p228
p853,p666
p853,p569
p853,p798
p853,p839
p854,p648
p854,p362
p854,p748
p854,p395
p854,p80
p854,p133
p854,p704
p854,p620
p854,p827
p854,p9
p855,p131
p855,p883
p855,p270
p855,p669
p855,p329
p855,p639
p855,p480
p855,p406
p855,p227
p855,p490
p856,p723
p856,p270
p856,p158
p856,p735
p856,p90
p856,p336
p856,p449
p856,p536
p856,p140
p856,p975
p857,p366
p857,p343
p857,p447
p857,p159
p857,p574
p857,p615
p857,p404
p857,p707
p857,p348
p857,p214
p858,p895
p858,p689
p858,p249
p858,p572
p858,p415
p858,p602
p858,p191
p858,p250
p858,p351
p858,p203
p859,p530
p859,p801
p859,p421
p859,p798
p859,p394
p859,p853
p859,p21
p859,p827
p859,p902
p860,p41
p860,p88
p860,p695
p860,p612
p860,p407
p860,p776
p860,p475
p860,p147
p860,p560
p860,p893
p861,p941
p861,p991
p861,p897
p861,p719
p861,p336
p861,p403
p861,p560
p861,p315
p861,p101
p861,p864
p862,p498
p862,p531
p862,p941
p862,p643
p862,p49
p862,p352
p862,p90
p862,p961
p862,p696
p862,p571
p863,p897
p863,p896
p863,p282
p863,p406
p863,p966
p863,p465
p863,p733
p863,p391
p863,p871
p863,p733
p864,p90
p864,p284
p864,p339
p864,p286
p864,p287
p864,p490
p864,p148
p864,p687
p864,p980
p864,p372
p865,p505
p865,p437
p865,p354
p865,p588
p865,p344
p865,p391
p865,p904
p865,p923
p865,p1000
p865,p374
p866,p835
p866,p860
p866,p649
p866,p506
p866,p649
p866,p846
p866,p693
p866,p466
p866,p447
p866,p753
p867,p584
p867,p248
p867,p486
p867,p376
p867,p764
p867,p34
p867,p661
p867,p676
p867,p699
p867,p22
p868,p803
p868,p521
p868,p278
p868,p870
p868,p63
p868,p357
p868,p391
p868,p404
p868,p981
p868,p348
p869,p990
p869,p276
p869,p527
p869,p972
p869,p76
p869,p680
p869,p35
p869,p271
p869,p868
p869,p65
p870,p61
p870,p418
p870,p478
p870,p23
p870,p833
p870,p571
p870,p866
p870,p270
p870,p373
p870,p889
p871,p206
p871,p178
p871,p888
p871,p771
p871,p872
p871,p327
p871,p839
p871,p653
p871,p816
p871,p24
p872,p608
p872,p432
p872,p859
p872,p969
p872,p243
p872,p722
p872,p72
p872,p196
p872,p429
p872,p260
p873,p100
p873,p810
p873,p764
p873,p243
p873,p85
p873,p435
p873,p215
p873,p943
p873,p816
p873,p173
p874,p972
p874,p468
p874,p416
p874,p136
p874,p844
p874,p284
p874,p467
p874,p950
p874,p729
p874,p670
p875,p946
p875,p112
p875,p462
p875,p415
p875,p348
p875,p807
p875,p137
p875,p217
p875,p883
p875,p18
p876,p543
p876,p111
p876,p238
p876,p471
p876,p853
p876,p920
p876,p832
p876,p834
p876,p822
p876,p400
p877,p846
p877,p142
p877,p870
p877,p669
p877,p92
p877,p180
p877,p138
p877,p231
p877,p739
p877,p314
p878,p459
p878,p50
p878,p439
p878,p249
p878,p893
p878,p804
p878,p658
p878,p500
p878,p866
p878,p698
p879,p717
p879,p731
p879,p118
p879,p43
p879,p329
p879,p740
p879,p97
p879,p122
p879,p327
p879,p261
p880,p253
p880,p811
p880,p130
p880,p714
p880,p984
p880,p590
p880,p131
p880,p226
p880,p664
p880,p658
p881,p394
p881,p311
p881,p106
p881,p410
p881,p802
p881,p638
p881,p462
p881,p262
p881,p224
p881,p356
p882,p295
p882,p965
p882,p262
p882,p305
p882,p238
p882,p60
p882,p669
p882,p517
p882,p984
p882,p612
p883,p770
p883,p83
p883,p200
p883,p993
p883,p960
p883,p646
p883,p112
p883,p922
p883,p336
p883,p150
p884,p175
p884,p299
p884,p374
p884,p305
p884,p895
p884,p313
p884,p679
p884,p86
p884,p166
p884,p995
p885,p756
p885,p288
p885,p52
p885,p130
p885,p811
p885,p780
p885,p1
p885,p373
p885,p118
p885,p841
p886,p815
p886,p312
p886,p660
p886,p160
p886,p195
p886,p649
p886,p91
p886,p699
p886,p346
p886,p273
p887,p19
p887,p274
p887,p433
p887,p732
p887,p708
p887,p15
p887,p97
p887,p168
p887,p997
p887,p548
p888,p788
p888,p82
p888,p674
p888,p760
p888,p349
p888,p96
p888,p91
p888,p213
p888,p896
p888,p269
p889,p616
p889,p450
p889,p864
p889,p117
p889,p827
p889,p470
p889,p688
p889,p877
p889,p726
p889,p181
p890,p943
p890,p878
p890,p225
p890,p80
p890,p826
p890,p903
p890,p591
p890,p394
p890,p455
p890,p475
p891,p229
p891,p737
p891,p32
p891,p309
p891,p315
p891,p434
p891,p269
p891,p174
p891,p355
p891,p338
p892,p236
p892,p546
p892,p685
p892,p872
p892,p259
p892,p587
p892,p961
p892,p145
p892,p182
p892,p386
p893,p140
p893,p538
p893,p721
p893,p372
p893,p618
p893,p620
p893,p822
p893,p403
p893,p636
p893,p562
p894,p577
p894,p637
p894,p552
p894,p583
p894,p734
p894,p327
p894,p292
p894,p36
p894,p866
p894,p896
p895,p429
p895,p710
p895,p834
p895,p275
p895,p692
p895,p724
p895,p723
p895,p992
p895,p412
p895,p83
p896,p27
p896,p67
p896,p63
p896,p999
p896,p914
p896,p856
p896,p668
p896,p570
p896,p262
p896,p449
p897,p868
p897,p359
p897,p993
p897,p492
p897,p28
p897,p82
p897,p145
p897,p77
p897,p153
p897,p839
p898,p535
p898,p997
p898,p816
p898,p232
p898,p761
p898,p330
p898,p523
p898,p19
p898,p172
p898,p904
p899,p944
p899,p215
p899,p106
p899,p602
p899,p641
p899,p347
p899,p515
p899,p392
p899,p187
p899,p468
p900,p416
p900,p188
p900,p791
p900,p363
p900,p781
p900,p239
p900,p746
p900,p338
p900,p720
p900,p394
p901,p305
p901,p527
p901,p797
p901,p888
p901,p859
p901,p309
p901,p300
p901,p725
p901,p853
p901,p676
p902,p209
p902,p702
p902,p320
p902,p699
p902,p1
p902,p213
p902,p287
p902,p338
p902,p868
p902,p245
p903,p771
p903,p543
p903,p526
p903,p375
p903,p116
p903,p950
p903,p829
p903,p351
p903,p266
p903,p588
p904,p366
p904,p94
p904,p181
p904,p421
p904,p728
p904,p9
p904,p135
p904,p925
p904,p711
p904,p503
p905,p135
p905,p619
p905,p895
p905,p54
p905,p581
p905,p695
p905,p388
p905,p559
p905,p459
p905,p63
p906,p765
p906,p134
p906,p736
p906,p438
p906,p571
p906,p978
p906,p469
p906,p908
p906,p302
p906,p250
p907,p419
p907,p286
p907,p609
p907,p132
p907,p617
p907,p692
p907,p295
p907,p778
p907,p233
p907,p199
p908,p525
p908,p988
p908,p210
p908,p719
p908,p40
p908,p770
p908,p21
p908,p233
p908,p823
p908,p90
p909,p482
p909,p865
p909,p592
p909,p644
p909,p576
p909,p953
p909,p589
p909,p976
p909,p671
p909,p95
p910,p628
p910,p504
p910,p313
p910,p816
p910,p1
p910,p868
p910,p175
p910,p87
p910,p461
p910,p537
p911,p418
p911,p545
p911,p198
p911,p684
p911,p472
p911,p967
p911,p313
p911,p922
p911,p721
p911,p217
p912,p869
p912,p324
p912,p113
p912,p487
p912,p894
p912,p285
p912,p317
p912,p37
p912,p922
p912,p534
p913,p742
p913,p326
p913,p295
p913,p593
p913,p744
p913,p804
p913,p223
p913,p852
p913,p854
p913,p915
p914,p200
p914,p326
p914,p68
p914,p66
p914,p109
p914,p701
p914,p625
p914,p923
p914,p639
p914,p302
p915,p819
p915,p448
p915,p477
p915,p198
p915,p983
p915,p210
p915,p320
p915,p17
p915,p806
p915,p707
p916,p339
p916,p285
p916,p238
p916,p582
p916,p91
p916,p386
p916,p983
p916,p593
p916,p392
p916,p85
p917,p431
p917,p710
p917,p688
p917,p820
p917,p916
p917,p567
p917,p425
p917,p267
p917,p935
p917,p4
p918,p655
p918,p126
p918,p701
p918,p550
p918,p170
p918,p819
p918,p890
p918,p129
p918,p390
p918,p887
p919,p932
p919,p313
p919,p697
p919,p515
p919,p704
p919,p604
p919,p844
p919,p724
p919,p825
p919,p349
p920,p792
p920,p121
p920,p689
p920,p342
p920,p837
p920,p930
p920,p130
p920,p375
p920,p440
p920,p91
p921,p86
p921,p279
p921,p313
p921,p654
p921,p475
p921,p330
p921,p620
p921,p548
p921,p491
p921,p182
p922,p37
p922,p620
p922,p14
p922,p950
p922,p402
p922,p506
p922,p172
p922,p828
p922,p640
p922,p488
p923,p903
p923,p211
p923,p103
p923,p168
p923,p712
p923,p433
p923,p518
p923,p88
p923,p228
p923,p266
p924,p400
p924,p852
p924,p735
p924,p34
p924,p280
p924,p725
p924,p166
p924,p9
p924,p342
p924,p482
p925,p368
p925,p642
p925,p584
p925,p585
p925,p867
p925,p477
p925,p600
p925,p223
p925,p877
p925,p676
p926,p155
p926,p314
p926,p858
p926,p772
p926,p700
p926,p661
p926,p224
p926,p290
p926,p340
p926,p3
p927,p887
p927,p303
p927,p26
p927,p908
p927,p87
p927,p847
p927,p591
p927,p228
p927,p137
p927,p981
p928,p574
p928,p360
p928,p587
p928,p201
p928,p459
p928,p7
p928,p657
p928,p375
p928,p993
p928,p140
p929,p693
p929,p771
p929,p606
p929,p556
p929,p789
p929,p917
p929,p49
p929,p556
p929,p749
p929,p392
p930,p915
p930,p231
p930,p291
p930,p597
p930,p796
p930,p993
p930,p563
p930,p94
p930,p451
p930,p160
p931,p237
p931,p861
p931,p880
p931,p279
p931,p172
p931,p312
p931,p369
p931,p706
p931,p221
p931,p680
p932,p832
p932,p566
p932,p342
p932,p24
p932,p732
p932,p32
p932,p664
p932,p272
p932,p53
p932,p684
p933,p103
p933,p994
p933,p386
p933,p89
p933,p115
p933,p934
p933,p111
p933,p767
p933,p786
p933,p801
p934,p659
p934,p156
p934,p433
p934,p508
p934,p501
p934,p671
p934,p170
p934,p331
p934,p818
p934,p965
p935,p311
p935,p400
p935,p776
p935,p828
p935,p929
p935,p868
p935,p144
p935,p202
p935,p277
p935,p355
p936,p193
p936,p16
p936,p691
p936,p79
p936,p636
p936,p62
p936,p701
p936,p7
p936,p149
p936,p456
p937,p632
p937,p629
p937,p87
p937,p413
p937,p592
p937,p931
p937,p675
p937,p562
p937,p459
p937,p973
p938,p298
p938,p56
p938,p847
p938,p109
p938,p424
p938,p310
p938,p224
p938,p515
p938,p981
p938,p604
p939,p207
p939,p945
p939,p442
p939,p965
p939,p87
p939,p36
p939,p326
p939,p184
p939,p640
p939,p560
p940,p567
p940,p782
p940,p543
p940,p536
p940,p350
p940,p67
p940,p16
p940,p724
p940,p77
p940,p922
p941,p53
p941,p449
p941,p923
p941,p851
p941,p471
p941,p518
p941,p767
p941,p607
p941,p349
p941,p406
p942,p21
p942,p728
p942,p481
p942,p516
p942,p599
p942,p935
p942,p672
p942,p154
p942,p782
p942,p488
p943,p5
p943,p967
p943,p480
p943,p386
p943,p965
p943,p487
p943,p71
p943,p325
p943,p400
p943,p717
p944,p182
p944,p799
p944,p423
p944,p40
p944,p22
p944,p72
p944,p494
p944,p234
p944,p553
p944,p128
p945,p482
p945,p891
p945,p576
p945,p924
p945,p956
p945,p378
p945,p485
p945,p511
p945,p969
p945,p234
p946,p461
p946,p790
p946,p211
p946,p77
p946,p556
p946,p181
p946,p337
p946,p314
p946,p941
p946,p164
p947,p471
p947,p793
p947,p898
p947,p383
p947,p759
p947,p140
p947,p882
p947,p213
p947,p945
p947,p420
p948,p509
p948,p813
p948,p961
p948,p463
p948,p815
p948,p969
p948,p461
p948,p65
p948,p809
p948,p993
p949,p227
p949,p307
p949,p170
p949,p718
p949,p704
p949,p916
p949,p354
p949,p126
p949,p624
p949,p443
p950,p807
p950,p779
p950,p260
p950,p341
p950,p871
p950,p19
p950,p98
p950,p194
p950,p798
p950,p178
p951,p384
p951,p675
p951,p112
p951,p41
p951,p463
p951,p399
p951,p911
p951,p172
p951,p492
p951,p233
p952,p473
p952,p27
p952,p282
p952,p480
p952,p310
p952,p289
p952,p385
p952,p591
p952,p268
p952,p725
p953,p459
p953,p871
p953,p826
p953,p64
p953,p495
p953,p271
p953,p357
p953,p196
p953,p245
p953,p595
p954,p928
p954,p116
p954,p599
p954,p671
p954,p777
p954,p916
p954,p5
p954,p419
p954,p208
p954,p124
p955,p441
p955,p802
p955,p631
p955,p468
p955,p410
p955,p509
p955,p975
p955,p174
p955,p752
p955,p789
p956,p896
p956,p390
p956,p871
p956,p19
p956,p319
p956,p875
p956,p270
p956,p412
p956,p724
p956,p573
p957,p21
p957,p338
p957,p586
p957,p800
p957,p150
p957,p200
p957,p849
p957,p495
p957,p548
p957,p319
p958,p412
p958,p467
p958,p450
p958,p89
p958,p938
p958,p903
p958,p180
p958,p259
p958,p633
p958,p433
p959,p561
p959,p335
p959,p589
p959,p337
p959,p435
p959,p733
p959,p807
p959,p994
p959,p345
p959,p389
p960,p822
p960,p794
p960,p282
p960,p539
p960,p211
p960,p459
p960,p233
p960,p824
p960,p382
p960,p157
p961,p911
p961,p948
p961,p7
p961,p696
p961,p32
p961,p960
p961,p371
p961,p100
p961,p908
p961,p690
p962,p535
p962,p961
p962,p335
p962,p168
p962,p16
p962,p265
p962,p737
p962,p968
p962,p191
p962,p933
p963,p807
p963,p149
p963,p890
p963,p892
p963,p562
p963,p205
p963,p629
p963,p694
p963,p802
p963,p242
p964,p437
p964,p492
p964,p35
p964,p552
p964,p997
p964,p531
p964,p570
p964,p371
p964,p919
p964,p696
p965,p775
p965,p25
p965,p982
p965,p180
p965,p697
p965,p135
p965,p321
p965,p6
p965,p439
p965,p102
p966,p231
p966,p896
p966,p921
p966,p500
p966,p363
p966,p750
p966,p30
p966,p60
p966,p260
p966,p747
p967,p88
p967,p938
p967,p281
p967,p293
p967,p386
p967,p940
p967,p430
p967,p521
p967,p724
p967,p58
p968,p343
p968,p94
p968,p189
p968,p270
p968,p956
p968,p552
p968,p825
p968,p489
p968,p315
p968,p489
p969,p298
p969,p800
p969,p490
p969,p538
p969,p481
p969,p229
p969,p568
p969,p920
p969,p418
p969,p126
p970,p711
p970,p765
p970,p644
p970,p387
p970,p438
p970,p339
p970,p938
p970,p240
p970,p676
p970,p545
p971,p872
p971,p443
p971,p926
p971,p985
p971,p197
p971,p796
p971,p845
p971,p819
p971,p479
p971,p513
p972,p56
p972,p901
p972,p923
p972,p630
p972,p439
p972,p528
p972,p138
p972,p248
p972,p463
p972,p770
p973,p592
p973,p466
p973,p235
p973,p929
p973,p988
p973,p47
p973,p628
p973,p369
p973,p944
p973,p705
p974,p309
p974,p904
p974,p276
p974,p22
p974,p787
p974,p191
p974,p368
p974,p476
p974,p154
p974,p292
p975,p589
p975,p70
p975,p657
p975,p826
p975,p377
p975,p452
p975,p846
p975,p579
p975,p587
p975,p441
p976,p829
p976,p172
p976,p147
p976,p850
p976,p119
p976,p954
p976,p21
p976,p98
p976,p687
p976,p881
p977,p239
p977,p213
p977,p133
p977,p647
p977,p219
p977,p803
p977,p793
p977,p554
p977,p633
p977,p711
p978,p407
p978,p628
p978,p545
p978,p555
p978,p96
p978,p513
p978,p389
p978,p936
p978,p773
p978,p308
p979,p972
p979,p618
p979,p67
p979,p470
p979,p84
p979,p432
p979,p297
p979,p635
p979,p337
p979,p588
p980,p469
p980,p346
p980,p45
p980,p354
p980,p34
p980,p463
p980,p415
p980,p82
p980,p601
p980,p175
p981,p499
p981,p595
p981,p851
p981,p447
p981,p385
p981,p979
p981,p537
p981,p411
p981,p915
p981,p125
p982,p653
p982,p553
p982,p681
p982,p475
p982,p928
p982,p950
p982,p858
p982,p68
p982,p767
p982,p195
p983,p457
p983,p573
p983,p816
p983,p338
p983,p484
p983,p53
p983,p151
p983,p761
p983,p513
p983,p594
p984,p4
p984,p918
p984,p739
p984,p389
p984,p63
p984,p969
p984,p128
p984,p945
p984,p869
p984,p47
p985,p10
p985,p124
p985,p460
p985,p476
p985,p404
p985,p415
p985,p901
p985,p783
p985,p271
p985,p599
p986,p882
p986,p862
p986,p820
p986,p648
p986,p139
p986,p169
p986,p716
p986,p378
p986,p215
p986,p748
p987,p195
p987,p141
p987,p633
p987,p927
p987,p212
p987,p416
p987,p299
p987,p575
p987,p537
p987,p944
p988,p15
p988,p909
p988,p43
p988,p877
p988,p699
p988,p6
p988,p18
p988,p93
p988,p991
p988,p128
p989,p682
p989,p478
p989,p520
p989,p963
p989,p532
p989,p445
p989,p228
p989,p930
p989,p875
p989,p275
p990,p192
p990,p874
p990,p389
p990,p260
p990,p893
p990,p448
p990,p906
p990,p379
p990,p108
p990,p2
p991,p541
p991,p391
p991,p210
p991,p144
p991,p387
p991,p63
p991,p429
p991,p339
p991,p364
p991,p700
p992,p16
p992,p705
p992,p186
p992,p128
p992,p78
p992,p98
p992,p581
p992,p507
p992,p539
p992,p948
p993,p991
p993,p565
p993,p937
p993,p531
p993,p613
p993,p360
p993,p869
p993,p758
p993,p399
p993,p349
p994,p433
p994,p638
p994,p690
p994,p475
p994,p813
p994,p224
p994,p446
p994,p424
p994,p285
p994,p496
p995,p830
p995,p497
p995,p491
p995,p98
p995,p402
p995,p431
p995,p339
p995,p750
p995,p836
p995,p622
p996,p848
p996,p216
p996,p416
p996,p682
p996,p905
p996,p120
p996,p115
p996,p15
p996,p693
p996,p593
p997,p83
p997,p34
p997,p183
p997,p859
p997,p918
p997,p7
p997,p583
p997,p229
p997,p825
p997,p160
p998,p620
p998,p992
p998,p691
p998,p159
p998,p82
p998,p181
p998,p164
p998,p155
p998,p671
p998,p718
p999,p124
p999,p58
p999,p312
p999,p203
p999,p197
p999,p204
p999,p769
p999,p4
p999,p353
p999,p352
p1000,p970
p1000,p781
p1000,p206
p1000,p608
p1000,p654
p1000,p441
p1000,p92
p1000,p362
p1000,p203
p1000,p855
